,episode,epsilon,score,average,avg_q_values
0,0.0,1.0,-551.0,-551.4762995079623,-5.417569160461426
1,1.0,0.9858158423524046,-135.0,-343.5730125970835,-1.7497878074645996
2,2.0,0.9718328750329811,-298.0,-328.50881997852304,-12.461811065673828
3,3.0,0.9580482443263975,-277.0,-315.72892217024224,0.30290699005126953
4,4.0,0.9444591369948698,-217.0,-296.0741079450794,-6.284750461578369
5,5.0,0.9310627797040227,-53.0,-255.67940927394218,-7.2392168045043945
6,6.0,0.9178564384568926,-96.0,-232.9676810235107,-6.045299053192139
7,7.0,0.9048374180359595,-98.0,-216.18030739930578,-7.877685546875
8,8.0,0.8920030614530944,-68.0,-199.73514288074406,-3.315861940383911
9,9.0,0.879350749407306,-163.0,-196.15094087098873,-23.025766372680664
10,10.0,0.8668778997501816,-116.0,-188.90406240173746,-4.906932830810547
11,11.0,0.8545819669589086,-179.0,-188.0825750909445,1.251426100730896
12,12.0,0.8424604416167714,-90.0,-180.5713348058152,-0.17044879496097565
13,13.0,0.8305108499010163,-43.0,-170.80662179169167,1.7500170469284058
14,14.0,0.8187307530779818,-440.0,-188.81634786252377,-5.540745735168457
15,15.0,0.8071177470053893,-100.0,-183.2779408211663,-0.09160710126161575
16,16.0,0.7956694616416928,28.0,-170.81432519243975,-11.037479400634766
17,17.0,0.7843835605623898,-93.0,-166.5414544608242,-12.099270820617676
18,18.0,0.7732577404831906,-337.0,-175.520691769457,-17.139625549316406
19,19.0,0.7622897307899537,-388.0,-186.16507948667044,-3.8190596103668213
20,20.0,0.751477293075286,-420.0,-197.3429780339953,-9.663055419921875
21,21.0,0.7408182206817179,-103.0,-193.05943414992174,5.544729232788086
22,22.0,0.7303103382513573,-102.0,-189.14256115449044,3.681920289993286
23,23.0,0.7199515012819313,-250.0,-191.69695146800592,1.3237204551696777
24,24.0,0.7097395956891255,-60.0,-186.460907562106,11.336465835571289
25,25.0,0.6996725373751304,-88.0,-182.70932622910817,6.008984565734863
26,26.0,0.6897482718033084,2.0,-175.8538835723775,-2.998522996902466
27,27.0,0.6799647735788938,-89.0,-172.76577669548456,10.71816349029541
28,28.0,0.6703200460356393,-91.0,-169.96487533468516,0.1914970874786377
29,29.0,0.6608121208283264,-105.0,-167.80094209575924,8.133132934570312
30,30.0,0.6514390575310556,-132.0,-166.65622122913564,-4.625904083251953
31,31.0,0.6421989432412342,-93.0,-164.3701864344801,14.934316635131836
32,32.0,0.6330898921891813,-125.0,-163.19771926427399,14.001311302185059
33,33.0,0.6241100453532709,-185.0,-163.84738507571277,8.2325439453125
34,34.0,0.6152575700805322,-108.0,-162.25943965570406,9.697540283203125
35,35.0,0.6065306597126334,-115.0,-160.94729981733084,9.9350004196167
36,36.0,0.5979275332171694,-70.0,-158.5039478262948,14.969718933105469
37,37.0,0.5894464348241792,-96.0,-156.8592670281159,8.952703475952148
38,38.0,0.5810856336678201,-122.0,-155.99062140524092,1.6852612495422363
39,39.0,0.5728434234331229,-247.0,-158.28357331515184,-7.087968826293945
40,40.0,0.5647181220077593,-180.0,-158.82071760795694,0.2889140248298645
41,41.0,0.5567080711387471,-77.0,-156.8748043575394,13.491427421569824
42,42.0,0.5488116360940265,-85.0,-155.22539235031365,-1.861385703086853
43,43.0,0.541027205328834,45.0,-150.656759282913,-9.823468208312988
44,44.0,0.5333531901568119,-86.0,-149.23565881188728,12.212264060974121
45,45.0,0.5257880244257798,10.0,-145.76057748512437,12.909296035766602
46,46.0,0.5183301641981067,-169.0,-146.25771548390418,-11.829959869384766
47,47.0,0.5109780874356169,-235.0,-148.11149612113158,2.2226576805114746
48,48.0,0.5037302936889633,-78.0,-146.69542904703366,24.14554214477539
49,49.0,0.4965853037914095,5.0,-143.649443384928,1.7773383855819702
50,50.0,0.4895416595569531,-38.0,-141.5882657088187,-2.1085777282714844
51,51.0,0.48259792348273184,-102.0,-140.84140925044844,10.680913925170898
52,52.0,0.4757526784556506,-245.0,-142.80980267065178,15.355220794677734
53,53.0,0.4690045274631699,-80.0,-141.65245970947245,-5.776860237121582
54,54.0,0.4623520933081963,-46.0,-139.92546762260085,4.022974967956543
55,55.0,0.4557940183280172,-77.0,-138.8046492350702,26.53792381286621
56,56.0,0.44932896411722156,-169.0,-139.3347484986249,-14.737509727478027
57,57.0,0.4429556112545522,-87.0,-138.44902946835438,10.808799743652344
58,58.0,0.4366726590336306,-72.0,-137.33391906399703,6.859965801239014
59,59.0,0.43047882519750297,-73.0,-136.26304455052534,18.62333869934082
60,60.0,0.42437284567695,-133.0,-136.21530652687187,27.06246566772461
61,61.0,0.4183534743325094,-189.0,-137.0700502002771,5.192400932312012
62,62.0,0.4124194827001579,-200.0,-138.08121111838824,10.705499649047852
63,63.0,0.4065696597405991,18.0,-135.63591724396855,2.147599935531616
64,64.0,0.40080281159210923,-57.0,-134.42708845786223,12.173989295959473
65,65.0,0.3951177613268873,-128.0,-134.3303591225204,29.286121368408203
66,66.0,0.3895133487108618,-203.0,-135.3684480882808,-28.378219604492188
67,67.0,0.38398842996690413,-215.0,-136.548612554842,-29.420888900756836
68,68.0,0.37854187754140095,-134.0,-136.51822824151967,-3.323453426361084
69,69.0,0.37317257987413693,-250.0,-138.14252524543704,-3.3897111415863037
70,70.0,0.36787944117144233,-99.0,-137.60502470341103,-12.939423561096191
71,71.0,0.3626613811825573,-87.0,-136.91184552597804,16.384262084960938
72,72.0,0.35751733497916927,-34.0,-135.50240928521103,-75.92726135253906
73,73.0,0.3524462527380765,-44.0,-134.2680626540221,15.894373893737793
74,74.0,0.3474470995269354,-32.0,-132.91216003290984,20.687746047973633
75,75.0,0.34251885509304564,-82.0,-132.24365442198086,-8.764442443847656
76,76.0,0.337660513655132,5.0,-130.45017713724778,-16.985639572143555
77,77.0,0.33287108369807955,57.0,-128.0386675070504,-26.6929988861084
78,78.0,0.32814958777058006,-41.0,-126.94140550067635,2.1334753036499023
79,79.0,0.3234950622856487,-2.0,-125.38273481465654,32.693843841552734
80,80.0,0.31890655732397044,207.0,-121.27215475750042,-4.673908710479736
81,81.0,0.3143831364400353,-62.0,-120.55591438931465,6.965709686279297
82,82.0,0.3099238764710244,10.0,-118.98094637287852,8.384211540222168
83,83.0,0.3055278673484055,41.0,-117.07261115761514,5.485764026641846
84,84.0,0.30119421191220214,-55.0,-116.35279279821924,33.81241226196289
85,85.0,0.2969220257278962,-39.0,-115.45979231038986,30.606979370117188
86,86.0,0.2927104369059283,97.0,-113.0138654702163,9.064478874206543
87,87.0,0.2885585859237581,2.0,-111.69657741033465,9.09483528137207
88,88.0,0.28446562545044835,43.0,-109.95546218777358,7.996153354644775
89,89.0,0.2804307201737374,193.0,-106.58576040779609,9.127519607543945
90,90.0,0.2764530466295643,62.0,-104.72281394859834,33.78176498413086
91,91.0,0.2725317930340126,-119.0,-104.88822403741528,75.85529327392578
92,92.0,0.26866615911763636,-107.0,-104.91313165810803,82.56564331054688
93,93.0,0.26485535596213783,59.0,-103.16409531543478,16.965585708618164
94,94.0,0.2610986058393609,-94.0,-103.07397669267135,39.71761703491211
95,95.0,0.257395142052568,-57.0,-102.60284660304727,55.5460319519043
96,96.0,0.2537442087799692,78.0,-100.73666813749988,34.359825134277344
97,97.0,0.2501450609204698,-82.0,-100.55283744113784,68.7870101928711
98,98.0,0.2465969639416065,-53.0,-100.07466687381427,70.2782974243164
99,99.0,0.2430991937296403,-111.0,-100.19249336915159,54.040225982666016
100,100.0,0.2396510364417758,-88.0,-95.55804651254384,57.399925231933594
101,101.0,0.23625178836047603,-117.0,-95.3760689552996,48.88702392578125
102,102.0,0.2329007557498447,-105.0,-93.44427312804557,50.986141204833984
103,103.0,0.22959725471404477,4.0,-90.62731009106086,24.90933609008789
104,104.0,0.22634061105772565,-149.0,-89.95038806617659,74.34884643554688
105,105.0,0.22313016014842982,67.0,-88.7393078719768,33.9622688293457
106,106.0,0.2199652467809513,-40.0,-88.17387124254469,63.01284408569336
107,107.0,0.21684522504361808,65.0,-86.52751227182868,35.47730255126953
108,108.0,0.21376945818647108,82.0,-85.01808280860384,37.125587463378906
109,109.0,0.21073731849131314,80.0,-82.57007801839212,36.652774810791016
110,110.0,0.20774818714360085,45.0,-80.94885555896765,37.47714614868164
111,111.0,0.20480145410615389,27.0,-78.88080065425913,35.449440002441406
112,112.0,0.20189651799465538,85.0,-77.11974420504555,34.669471740722656
113,113.0,0.19903278595491863,112.0,-75.5606370718029,30.808856964111328
114,114.0,0.19620967354189398,12.0,-71.02733789564785,27.994712829589844
115,115.0,0.19342660460039254,108.0,-68.94500557388953,30.485952377319336
116,116.0,0.19068301114750144,-51.0,-69.74406389440807,105.3716049194336
117,117.0,0.1879783332566671,-14.0,-68.94988966424854,57.760826110839844
118,118.0,0.18531201894342234,86.0,-64.71092036952666,29.524822235107422
119,119.0,0.18268352405273466,-994.0,-70.77083044117279,208.6710662841797
120,120.0,0.1800923121479524,36.0,-66.19722838541905,82.53627014160156
121,121.0,0.17753785440132586,84.0,-64.32208784324692,34.24708938598633
122,122.0,0.17501962948608163,-28.0,-63.57367513582327,61.471065521240234
123,123.0,0.17253712347002734,51.0,-60.55542308877113,42.01204299926758
124,124.0,0.17008982971066583,-51.0,-60.4649357612851,53.02606201171875
125,125.0,0.16767724875179707,-70.0,-60.28237687241619,48.66459274291992
126,126.0,0.16529888822158653,71.0,-59.593014414995835,25.4907169342041
127,127.0,0.1629542627320793,48.0,-58.210776604741206,36.891868591308594
128,128.0,0.16064289378013982,92.0,-56.37213090100626,37.87416076660156
129,129.0,0.15836430964979642,148.0,-53.83870774999774,38.94099807739258
130,130.0,0.15611804531597107,126.0,-51.24630788049836,31.64805793762207
131,131.0,0.1539036423495749,114.0,-49.16174408490851,35.907413482666016
132,132.0,0.15172064882394942,162.0,-46.27878534559159,33.35120391845703
133,133.0,0.14956861922263506,145.0,-42.975607892867245,32.50043487548828
134,134.0,0.147447114348448,147.0,-40.41982543246235,34.40999984741211
135,135.0,0.1453557012338466,126.0,-38.00695569853714,29.2446346282959
136,136.0,0.14329395305256898,94.0,-36.36033940702015,28.158363342285156
137,137.0,0.14126144903252422,236.0,-33.03245963048897,30.272613525390625
138,138.0,0.13925777436991912,139.0,-30.409307721688695,31.32896614074707
139,139.0,0.13728252014460293,-463.0,-32.56481740356943,107.15068054199219
140,140.0,0.1353352832366127,126.0,-29.50007107609642,30.80809783935547
141,141.0,0.1334156662439026,119.0,-27.535522786783073,28.342575073242188
142,142.0,0.13152327740124015,143.0,-25.236419225239395,39.659019470214844
143,143.0,0.12965773050025253,231.0,-23.376245206696932,33.090232849121094
144,144.0,0.12781864481060753,266.0,-19.83947594639053,38.46052169799805
145,145.0,0.12600564500231182,225.0,-17.68683631613959,35.82670211791992
146,146.0,0.1242183610691121,244.0,-13.552738199978775,40.381072998046875
147,147.0,0.1224564282529819,129.0,-9.900705520439232,42.89984893798828
148,148.0,0.12071948696968016,237.0,-6.733634656743027,34.146278381347656
149,149.0,0.11900718273536538,176.0,-5.025845777415442,30.372072219848633
150,150.0,0.11731916609425078,235.0,-2.2831036390885497,34.2171745300293
151,151.0,0.11565509254728551,277.0,1.5186079490409852,45.68914031982422
152,152.0,0.11401462248184759,-214.0,1.828382558838152,84.06845092773438
153,153.0,0.11239742110243399,214.0,4.774716950033647,37.5957145690918
154,154.0,0.11080315836233387,258.0,7.830559070870383,48.982730865478516
155,155.0,0.10923150889627105,252.0,11.130511909001257,34.4647216796875
156,156.0,0.10768215195400163,-127.0,11.5432032223465,80.50146484375
157,157.0,0.10615477133485376,235.0,14.776190966189851,46.129459381103516
158,158.0,0.10464905532319577,179.0,17.295473320132253,35.97025680541992
159,159.0,0.10316469662481963,235.0,20.385765334562002,52.54139709472656
160,160.0,0.10170139230422684,296.0,24.683710702831604,47.25345230102539
161,161.0,0.10025884372280375,204.0,28.62079075566248,45.47343826293945
162,162.0,0.09883675647787384,259.0,33.223293707154376,50.03285217285156
163,163.0,0.09743484034261468,259.0,35.633473924497196,47.483070373535156
164,164.0,0.09605280920682677,226.0,38.47269375685098,34.76001739501953
165,165.0,0.09469038101854274,285.0,42.60364186648582,43.25370788574219
166,166.0,0.09334727772646485,244.0,47.086057773015995,43.49152755737305
167,167.0,0.09202322522321882,241.0,51.65287821737081,45.71783447265625
168,168.0,0.09071795328941251,195.0,54.9510610284906,39.74625015258789
169,169.0,0.0894311955384883,249.0,59.947783021757964,42.16561508178711
170,170.0,0.08816268936235745,16.0,61.11755737567828,73.27034759521484
171,171.0,0.08691217587780577,208.0,64.07981012249452,44.71292495727539
172,172.0,0.08567939987365944,177.0,66.19238623437025,39.80977249145508
173,173.0,0.0844641097587001,265.0,69.29143732578166,54.71502685546875
174,174.0,0.0832660575103189,213.0,71.75180764714615,52.92570877075195
175,175.0,0.0820849986238988,251.0,75.0830835944465,54.95118713378906
176,176.0,0.08092069206291477,259.0,77.62100658651094,56.82002258300781
177,177.0,0.07977290020974187,231.0,79.35491491074988,46.80641174316406
178,178.0,0.078641388817161,243.0,82.20079593266675,50.412235260009766
179,179.0,0.07752592696055255,257.0,84.79842710891943,58.67304229736328
180,180.0,0.07642628699076807,247.0,85.19350445750236,54.2348518371582
181,181.0,0.07534224448767067,244.0,88.26395942656279,55.37258529663086
182,182.0,0.07427357821433388,267.0,90.83529462461318,53.89314270019531
183,183.0,0.07322007007189076,195.0,92.37648048154264,52.66407012939453
184,184.0,0.07218150505502309,240.0,95.33713624835742,51.17597198486328
185,185.0,0.07115767120808195,244.0,98.18083605962647,50.43960952758789
186,186.0,0.07014835958183076,266.0,99.87641013733703,57.26417922973633
187,187.0,0.06915336419080186,299.0,102.84063126227147,63.40459060668945
188,188.0,0.06817248197125796,252.0,104.93001304057252,62.061248779296875
189,189.0,0.06720551273974976,242.0,105.41975055423468,50.14731216430664
190,190.0,0.06625225915226167,272.0,107.51705211306555,57.15900802612305
191,191.0,0.06531252666393665,275.0,111.47266737739689,64.55984497070312
192,192.0,0.0643861234893726,232.0,114.86791706672955,57.18043899536133
193,193.0,0.0634728605634818,243.0,116.70784756268039,56.04088592529297
194,194.0,0.06257255150290554,257.0,120.22905171969639,55.44414520263672
195,195.0,0.061685012567976046,300.0,123.80920401009163,70.84020233154297
196,196.0,0.06081006262521797,230.0,125.33349458885915,59.632930755615234
197,197.0,0.05994752311038171,262.0,128.7874378412304,56.939064025878906
198,198.0,0.0590972179920012,253.0,131.8591600108306,58.54777908325195
199,199.0,0.058258973735468345,250.0,135.48219212309095,58.17020797729492
200,200.0,0.05743261926761735,259.0,138.96203401598723,59.46177673339844
201,201.0,0.05661798594181114,261.0,142.74880140916136,58.938655853271484
202,202.0,0.05581490750352316,287.0,146.67552565421647,65.64921569824219
203,203.0,0.05502322005640723,316.0,149.7961286770964,69.58537292480469
204,204.0,0.054242762028848826,282.0,154.12270454864668,65.10643768310547
205,205.0,0.05347337414099063,242.0,155.8713494400163,57.30732345581055
206,206.0,0.052714899372225954,289.0,159.1687418592092,63.40745544433594
207,207.0,0.05196718292915318,271.0,161.22616755649761,63.88978958129883
208,208.0,0.051230072213984644,263.0,163.03179194958557,68.94135284423828
209,209.0,0.050503416793403796,292.0,165.14311939477773,64.5738296508789
210,210.0,0.05,282.0,167.51249436599184,64.69795227050781
211,211.0,0.05,254.0,169.77723872079022,66.73458099365234
212,212.0,0.05,253.0,171.45641080069205,62.457008361816406
213,213.0,0.05,236.0,172.69621501446116,62.9617919921875
214,214.0,0.05,293.0,175.50645625608095,66.64974212646484
215,215.0,0.05,215.0,176.58329457872,58.96665954589844
216,216.0,0.05,228.0,179.38157123370559,60.86260986328125
217,217.0,0.05,250.0,182.03138619258212,58.00810623168945
218,218.0,0.05,195.0,183.11841783883196,71.50814819335938
219,219.0,0.05,275.0,195.82173226652327,60.97636032104492
220,220.0,0.05,0.0,195.4509769300666,60.37527084350586
221,221.0,0.05,287.0,197.47919681870624,72.64923095703125
222,222.0,0.05,163.0,199.4001288411635,65.00153350830078
223,223.0,0.05,248.0,201.37201216978522,61.561283111572266
224,224.0,0.0,285.0,204.74286214372074,71.10994720458984
225,225.0,0.0,227.0,207.72919845194352,59.1317253112793
226,226.0,0.0,215.0,209.17282488257877,59.57636260986328
227,227.0,0.0,-60.0,208.0765858635407,90.23055267333984
228,228.0,0.0,240.0,209.55508763234474,68.85706329345703
229,229.0,0.0,272.0,210.79866510766536,70.20916748046875
230,230.0,0.0,289.0,212.42350308832036,67.9725112915039
231,231.0,0.0,196.0,213.24048296389714,60.71887969970703
232,232.0,0.0,15.0,211.7683075814215,61.097434997558594
233,233.0,0.0,18.0,210.50656840470845,67.71359252929688
234,234.0,0.0,279.0,211.82365933476748,63.354949951171875
235,235.0,0.0,250.0,213.06811784995313,65.99612426757812
236,236.0,0.0,281.0,214.93786414487508,74.80787658691406
237,237.0,0.0,225.0,214.82832832850352,62.70653533935547
238,238.0,0.0,267.0,216.11154118912106,68.68480682373047
239,239.0,0.0,-17.0,220.56912950591374,59.98305892944336
240,240.0,0.0,259.0,221.89957352367335,61.9210090637207
241,241.0,0.0,262.0,223.3276662051579,65.91867065429688
242,242.0,0.0,-37.0,221.5127941567244,59.5877685546875
243,243.0,0.0,282.0,222.02052488607683,65.9443359375
244,244.0,0.0,258.0,221.93667186401748,61.58161544799805
245,245.0,0.0,243.0,222.11437634049472,59.16447448730469
246,246.0,0.0,252.0,222.19996037875015,61.41863250732422
247,247.0,0.0,265.0,223.55930624145705,62.546783447265625
248,248.0,0.0,232.0,223.5074423544946,59.47843551635742
249,249.0,0.0,283.0,224.5755183743647,65.30429077148438
250,250.0,0.0,-24.0,221.97420363656494,58.5354118347168
251,251.0,0.0,177.0,220.9723763435494,62.061431884765625
252,252.0,0.0,285.0,225.96606181571454,62.12782287597656
253,253.0,0.0,276.0,226.58721045496574,63.825584411621094
254,254.0,0.0,270.0,226.70014424590036,63.271976470947266
255,255.0,0.0,235.0,226.52847148041272,60.02541732788086
256,256.0,0.0,235.0,230.1641789234846,61.42623519897461
257,257.0,0.0,219.0,230.00833869486524,59.308372497558594
258,258.0,0.0,301.0,231.23559802339312,65.59427642822266
259,259.0,0.0,267.0,231.54743094339253,65.80069732666016
260,260.0,0.0,254.0,231.1253900032185,61.53822708129883
261,261.0,0.0,220.0,231.28189191418718,60.585880279541016
262,262.0,0.0,267.0,231.3613792056521,63.21096420288086
263,263.0,0.0,214.0,230.9164012592989,60.48988723754883
264,264.0,0.0,201.0,230.65846320152326,63.037620544433594
265,265.0,0.0,221.0,230.0211274792909,61.058067321777344
266,266.0,0.0,227.0,229.85013753110013,59.6141357421875
267,267.0,0.0,-173.0,225.7082418926675,60.670711517333984
268,268.0,0.0,260.0,226.36217978498888,60.39577865600586
269,269.0,0.0,32.0,224.19228645697356,69.44920349121094
270,270.0,0.0,113.0,225.16088677815412,69.28965759277344
271,271.0,0.0,276.0,225.84317741918838,62.454673767089844
272,272.0,0.0,-66.0,223.4042590631329,59.604129791259766
273,273.0,0.0,279.0,223.53705870431196,64.87187957763672
274,274.0,0.0,284.0,224.2494847941142,65.26300048828125
275,275.0,0.0,271.0,224.45725944735278,64.5982437133789
276,276.0,0.0,227.0,224.13931685411916,59.292808532714844
277,277.0,0.0,275.0,224.58104691385336,64.01119232177734
278,278.0,0.0,213.0,224.28041918880714,59.88479232788086
279,279.0,0.0,205.0,223.76344484785204,62.533939361572266
280,280.0,0.0,269.0,223.9893225200472,63.559722900390625
281,281.0,0.0,244.0,223.98976409351044,60.38954544067383
282,282.0,0.0,226.0,223.58522484025198,60.530174255371094
283,283.0,0.0,283.0,224.4678469597052,64.98202514648438
284,284.0,0.0,266.0,224.73498278324888,67.51715087890625
285,285.0,0.0,285.0,225.14177633431618,64.76731872558594
286,286.0,0.0,228.0,224.7592414365258,58.60194396972656
287,287.0,0.0,192.0,223.68959766096575,60.485477447509766
288,288.0,0.0,222.0,223.39366271156112,63.915218353271484
289,289.0,0.0,267.0,223.6457287670924,63.77422332763672
290,290.0,0.0,-3.0,220.8813786471951,60.02050018310547
291,291.0,0.0,245.0,220.57987909117304,63.968040466308594
292,292.0,0.0,279.0,221.0522062935875,62.26508712768555
293,293.0,0.0,207.0,220.6907247056913,59.82926940917969
294,294.0,0.0,-158.0,216.52997327584396,91.20144653320312
295,295.0,0.0,228.0,215.810986637467,60.26798629760742
296,296.0,0.0,-47.0,213.0316043546303,57.95842361450195
297,297.0,0.0,152.0,211.9291726306021,60.12396240234375
298,298.0,0.0,216.0,211.5558890051704,60.057777404785156
299,299.0,0.0,241.0,211.4698630780221,61.631378173828125
300,300.0,0.0,300.0,211.87584075488843,74.83059692382812
301,301.0,0.0,119.0,210.45791828637908,58.87898635864258
302,302.0,0.0,-5.0,207.52479600327544,60.2427864074707
303,303.0,0.0,271.0,207.07903670578511,70.0816421508789
304,304.0,0.0,212.0,206.377406360265,60.259342193603516
305,305.0,0.0,273.0,206.69252569024582,64.8825912475586
306,306.0,0.0,210.0,205.90126212457133,59.42430877685547
307,307.0,0.0,279.0,205.98316268049524,70.39726257324219
308,308.0,0.0,232.0,205.67299433109628,59.602882385253906
309,309.0,0.0,11.0,202.87065837001938,59.88311004638672
310,310.0,0.0,245.0,202.49659603757786,66.06903076171875
311,311.0,0.0,236.0,202.32097527348307,59.7467041015625
312,312.0,0.0,235.0,202.13588291524013,66.11223602294922
313,313.0,0.0,1.0,199.79450222702903,63.00105285644531
314,314.0,0.0,224.0,199.10850858420037,59.514129638671875
315,315.0,0.0,273.0,199.68557333774518,62.640045166015625
316,316.0,0.0,-71.0,196.68981903357675,62.07905197143555
317,317.0,0.0,254.0,196.72825785350256,60.80806350708008
318,318.0,0.0,285.0,197.62984589390393,69.11408996582031
319,319.0,0.0,290.0,197.77091284015808,65.23728942871094
320,320.0,0.0,236.0,200.14564190636304,60.38967514038086
321,321.0,0.0,261.0,199.88698365187906,61.45195388793945
322,322.0,0.0,233.0,200.58418645954129,61.17771530151367
323,323.0,0.0,229.0,200.39526403980616,62.23915481567383
324,324.0,0.0,264.0,200.19135174083766,62.39392852783203
325,325.0,0.0,218.0,200.0918540112614,57.70357131958008
326,326.0,0.0,239.0,200.32934541599548,59.21199417114258
327,327.0,0.0,28.0,201.22148972575226,65.67288208007812
328,328.0,0.0,249.0,201.31087542342203,61.351776123046875
329,329.0,0.0,221.0,200.8042562080428,59.999794006347656
330,330.0,0.0,242.0,200.33459185776366,59.44245910644531
331,331.0,0.0,292.0,201.2887982592334,72.78622436523438
332,332.0,0.0,195.0,203.09092017233297,63.09035873413086
333,333.0,0.0,214.0,205.04467099046852,59.78267288208008
334,334.0,0.0,269.0,204.9512292836891,61.73662567138672
335,335.0,0.0,290.0,205.34984892129094,63.12151336669922
336,336.0,0.0,116.0,203.70366171023792,68.38642883300781
337,337.0,0.0,241.0,203.86354711043455,63.37742233276367
338,338.0,0.0,215.0,203.33786508094843,63.26237869262695
339,339.0,0.0,251.0,206.03065874402367,61.62668991088867
340,340.0,0.0,240.0,205.84291475158741,61.666385650634766
341,341.0,0.0,265.0,205.8732157530057,63.799354553222656
342,342.0,0.0,243.0,208.682660167457,60.74306869506836
343,343.0,0.0,151.0,207.37402100161665,59.67292022705078
344,344.0,0.0,243.0,207.2279733526346,59.29413604736328
345,345.0,0.0,241.0,207.20926592772565,63.38839340209961
346,346.0,0.0,105.0,205.73450550874367,57.60523986816406
347,347.0,0.0,287.0,205.95150755930345,65.49641418457031
348,348.0,0.0,275.0,206.38000189255342,66.6503677368164
349,349.0,0.0,234.0,205.8889473150702,62.48269271850586
350,350.0,0.0,259.0,208.7233507237375,62.84660339355469
351,351.0,0.0,166.0,208.61689089259448,69.03829193115234
352,352.0,0.0,261.0,208.37955046268928,60.54884719848633
353,353.0,0.0,265.0,208.27172147487485,69.84501647949219
354,354.0,0.0,245.0,208.01979460823887,62.48717498779297
355,355.0,0.0,274.0,208.41228857338,63.79275131225586
356,356.0,0.0,306.0,209.12050379750949,74.55303192138672
357,357.0,0.0,-303.0,203.88458186970303,80.00616455078125
358,358.0,0.0,283.0,203.6992747159793,67.83148956298828
359,359.0,0.0,262.0,203.65688392196463,67.80509185791016
360,360.0,0.0,222.0,203.34030069260484,60.468135833740234
361,361.0,0.0,278.0,203.925357176709,63.578453063964844
362,362.0,0.0,249.0,203.74580207470822,62.52975845336914
363,363.0,0.0,292.0,204.5181079907005,71.43566131591797
364,364.0,0.0,208.0,204.59260411367046,62.15241241455078
365,365.0,0.0,-12.0,202.25316395655352,58.51024627685547
366,366.0,0.0,263.0,202.61981065842264,63.66147232055664
367,367.0,0.0,258.0,206.9317152981979,62.402008056640625
368,368.0,0.0,199.0,206.32137125755892,60.67616653442383
369,369.0,0.0,277.0,208.77359412343478,67.35645294189453
370,370.0,0.0,272.0,210.35805981469275,63.24610137939453
371,371.0,0.0,271.0,210.30435089212943,64.48310089111328
372,372.0,0.0,280.0,213.77351785469662,71.04800415039062
373,373.0,0.0,281.0,213.7951453149476,66.18972778320312
374,374.0,0.0,-12.0,210.82171091355346,59.4619140625
375,375.0,0.0,273.0,210.8340853483039,70.76002502441406
376,376.0,0.0,288.0,211.4365972460293,62.432369232177734
377,377.0,0.0,285.0,211.5346700831258,63.766319274902344
378,378.0,0.0,31.0,209.71844769133105,66.40167236328125
379,379.0,0.0,280.0,210.46285793950594,65.34102630615234
380,380.0,0.0,274.0,210.50744737762417,63.93888473510742
381,381.0,0.0,153.0,209.59417057698263,69.5160140991211
382,382.0,0.0,250.0,209.82897783324825,60.3885612487793
383,383.0,0.0,264.0,209.6345485480107,61.4677619934082
384,384.0,0.0,231.0,209.28314869488693,72.3934097290039
385,385.0,0.0,251.0,208.94758922502407,61.53843688964844
386,386.0,0.0,237.0,209.03524178445954,61.518619537353516
387,387.0,0.0,291.0,210.02701429812277,62.262630462646484
388,388.0,0.0,208.0,209.88658205170827,66.33366394042969
389,389.0,0.0,287.0,210.09068876045657,73.76585388183594
390,390.0,0.0,231.0,212.43995235885612,62.313934326171875
391,391.0,0.0,291.0,212.90000994450844,66.77181243896484
392,392.0,0.0,270.0,212.80514537844243,62.99177169799805
393,393.0,0.0,264.0,213.37501460883377,61.187137603759766
394,394.0,0.0,240.0,217.36681990765155,60.75951385498047
395,395.0,0.0,153.0,216.61452282411858,60.78582763671875
396,396.0,0.0,214.0,219.22696279229243,59.088558197021484
397,397.0,0.0,213.0,219.83745624737278,60.613521575927734
398,398.0,0.0,-11.0,217.55868267133394,58.46002197265625
399,399.0,0.0,244.0,217.58797065250963,61.022064208984375
400,400.0,0.0,29.0,214.88056111137445,61.969947814941406
401,401.0,0.0,85.0,214.53867305813867,56.30119323730469
402,402.0,0.0,282.0,217.42553980051207,73.85700988769531
403,403.0,0.0,260.0,217.3151190131227,62.26641082763672
404,404.0,0.0,245.0,217.64730749623442,58.876285552978516
405,405.0,0.0,-30.0,214.6064374665803,60.219825744628906
406,406.0,0.0,290.0,215.40207347919275,70.29237365722656
407,407.0,0.0,288.0,215.48496147896313,71.8289566040039
408,408.0,0.0,238.0,215.54589358201105,61.2125129699707
409,409.0,0.0,236.0,217.79184988727496,59.183956146240234
410,410.0,0.0,-29.0,215.04006454897322,60.464107513427734
411,411.0,0.0,257.0,215.24803564113233,63.455570220947266
412,412.0,0.0,62.0,213.52683383187608,68.66172790527344
413,413.0,0.0,248.0,215.99168921467168,61.37939453125
414,414.0,0.0,256.0,216.31166266314858,65.73115539550781
415,415.0,0.0,-6.0,213.5101782123448,59.84950256347656
416,416.0,0.0,242.0,216.6456097843622,60.45732879638672
417,417.0,0.0,253.0,216.6372148205246,60.263275146484375
418,418.0,0.0,239.0,216.17655443415745,59.66632080078125
419,419.0,0.0,227.0,215.55092066786557,61.17127227783203
420,420.0,0.0,3.0,213.21681163342296,61.398494720458984
421,421.0,0.0,4.0,210.6495752103453,61.976966857910156
422,422.0,0.0,238.0,210.69534974309727,59.36135482788086
423,423.0,0.0,164.0,210.0417868782012,65.4182357788086
424,424.0,0.0,260.0,209.9938494946358,64.97688293457031
425,425.0,0.0,228.0,210.09451440972887,59.69851303100586
426,426.0,0.0,220.0,209.90825285883264,61.954811096191406
427,427.0,0.0,255.0,212.17409208062148,62.052490234375
428,428.0,0.0,239.0,212.08060072674164,60.316123962402344
429,429.0,0.0,237.0,212.2320841065353,63.94125747680664
430,430.0,0.0,303.0,212.84235706555924,74.98595428466797
431,431.0,0.0,277.0,212.69880811016984,62.00910568237305
432,432.0,0.0,147.0,212.21956786819243,68.6510238647461
433,433.0,0.0,230.0,212.3791990376177,60.05066680908203
434,434.0,0.0,-47.0,209.2096330822538,61.046077728271484
435,435.0,0.0,153.0,207.83888251870945,69.89452362060547
436,436.0,0.0,196.0,208.6403615481403,62.748043060302734
437,437.0,0.0,261.0,208.83382076985336,62.426902770996094
438,438.0,0.0,272.0,209.40774014941726,61.53762435913086
439,439.0,0.0,262.0,209.51136494565716,60.665748596191406
440,440.0,0.0,-20.0,206.9027264590535,59.620731353759766
441,441.0,0.0,261.0,206.86994678447434,63.11538314819336
442,442.0,0.0,-22.0,204.21503251937426,86.27034759521484
443,443.0,0.0,-66.0,202.0324333835392,58.65071105957031
444,444.0,0.0,230.0,201.8959961923548,60.671443939208984
445,445.0,0.0,240.0,201.883159503624,63.905059814453125
446,446.0,0.0,235.0,203.18907080751427,60.86235046386719
447,447.0,0.0,248.0,202.79343564974482,59.80582046508789
448,448.0,0.0,236.0,202.4029240749013,60.00189971923828
449,449.0,0.0,278.0,202.84947794178996,64.71736907958984
450,450.0,0.0,247.0,202.73308634846396,61.363590240478516
451,451.0,0.0,208.0,203.15696342386087,62.00471878051758
452,452.0,0.0,257.0,203.11306240835614,61.880794525146484
453,453.0,0.0,264.0,203.10143806559356,63.454341888427734
454,454.0,0.0,260.0,203.2573415874075,64.20601654052734
455,455.0,0.0,13.0,200.64666512280434,59.146080017089844
456,456.0,0.0,306.0,200.64550412318548,74.13699340820312
457,457.0,0.0,267.0,206.35990149748298,67.88568878173828
458,458.0,0.0,193.0,205.4564603437408,60.375919342041016
459,459.0,0.0,241.0,205.24074485831966,61.946109771728516
460,460.0,0.0,293.0,205.95422644319265,65.70794677734375
461,461.0,0.0,277.0,205.9428518374531,62.69329833984375
462,462.0,0.0,259.0,206.04056148714724,63.898197174072266
463,463.0,0.0,227.0,205.39283484534585,61.829559326171875
464,464.0,0.0,138.0,204.69075230681503,63.70527267456055
465,465.0,0.0,293.0,207.74753666473174,67.77908325195312
466,466.0,0.0,289.0,208.00080602852725,70.44602966308594
467,467.0,0.0,7.0,205.49308003212792,61.906673431396484
468,468.0,0.0,289.0,206.38679317237998,63.76311492919922
469,469.0,0.0,215.0,205.76411520647278,63.153045654296875
470,470.0,0.0,284.0,205.8827124980163,65.47900390625
471,471.0,0.0,275.0,205.92677819848774,64.3356704711914
472,472.0,0.0,208.0,205.20781363776769,62.35414505004883
473,473.0,0.0,232.0,204.71908397588913,62.7900390625
474,474.0,0.0,-64.0,204.19559274555021,59.13591384887695
475,475.0,0.0,292.0,204.39184746898496,71.7855453491211
476,476.0,0.0,289.0,204.4053333176463,64.76549530029297
477,477.0,0.0,104.0,202.59654710165563,56.99319839477539
478,478.0,0.0,88.0,203.168625771808,56.983219146728516
479,479.0,0.0,253.0,202.90021411604843,66.402099609375
480,480.0,0.0,211.0,202.27141299448076,66.88005828857422
481,481.0,0.0,268.0,203.42358275091306,62.963443756103516
482,482.0,0.0,256.0,203.48490378336527,59.927249908447266
483,483.0,0.0,287.0,203.72045312966304,65.6264419555664
484,484.0,0.0,127.0,202.67894420473812,56.32790756225586
485,485.0,0.0,271.0,202.872419867195,68.0901107788086
486,486.0,0.0,216.0,202.65861315965634,59.75521469116211
487,487.0,0.0,246.0,202.2049918821586,60.27717590332031
488,488.0,0.0,280.0,202.92867616516162,63.62718200683594
489,489.0,0.0,-58.0,199.46843595710592,59.27863311767578
490,490.0,0.0,222.0,199.38288331052496,61.77220916748047
491,491.0,0.0,288.0,199.35416619777897,64.94547271728516
492,492.0,0.0,259.0,199.24950190743553,62.465023040771484
493,493.0,0.0,236.0,198.97118036430993,60.13058853149414
494,494.0,0.0,220.0,198.7696443435593,59.97026062011719
495,495.0,0.0,260.0,199.8399604914221,61.31365966796875
496,496.0,0.0,7.0,197.77184500195955,60.22045135498047
497,497.0,0.0,-27.0,195.36313379496917,59.16671371459961
498,498.0,0.0,242.0,197.89824008657826,61.92232131958008
499,499.0,0.0,-38.0,195.06847133041194,60.15711212158203
500,500.0,0.0,29.0,195.06892680943673,61.38397979736328
501,501.0,0.0,276.0,196.98525530630326,66.13481140136719
502,502.0,0.0,279.0,196.94933021312184,63.30198669433594
503,503.0,0.0,229.0,196.63533401331622,58.71940612792969
504,504.0,0.0,-65.0,193.517570410792,59.15378189086914
505,505.0,0.0,242.0,196.24162730318133,59.292781829833984
506,506.0,0.0,202.0,195.36902250399262,59.63065719604492
507,507.0,0.0,279.0,195.28507631292266,61.86527633666992
508,508.0,0.0,259.0,195.49809078915368,61.63813400268555
509,509.0,0.0,283.0,195.9697170148057,69.51094818115234
510,510.0,0.0,216.0,198.43137540486296,68.8001708984375
511,511.0,0.0,279.0,198.6518035240045,66.07185363769531
512,512.0,0.0,114.0,199.1653985465872,59.58407974243164
513,513.0,0.0,277.0,199.45568290495376,65.32691192626953
514,514.0,0.0,117.0,198.06148900865233,68.5589599609375
515,515.0,0.0,233.0,200.46373562378648,69.09789276123047
516,516.0,0.0,252.0,200.56087264392633,60.396907806396484
517,517.0,0.0,265.0,200.68483053411867,70.39100646972656
518,518.0,0.0,220.0,200.49688914997054,60.40865707397461
519,519.0,0.0,248.0,200.70654808279235,66.54251861572266
520,520.0,0.0,290.0,203.57904979782984,63.894290924072266
521,521.0,0.0,260.0,206.13524119414043,62.82809066772461
522,522.0,0.0,111.0,204.8680372200343,56.17545700073242
523,523.0,0.0,236.0,205.58877738183932,58.07845687866211
524,524.0,0.0,239.0,205.38715159315385,59.32405471801758
525,525.0,0.0,251.0,205.62369581652123,60.53578567504883
526,526.0,0.0,277.0,206.19226700543973,67.4245376586914
527,527.0,0.0,128.0,204.92577565433956,57.97648239135742
528,528.0,0.0,179.0,204.32729163228686,62.218013763427734
529,529.0,0.0,213.0,204.08639845591438,60.42375183105469
530,530.0,0.0,253.0,203.58479230965474,63.097225189208984
531,531.0,0.0,241.0,203.2275588377721,61.07826614379883
532,532.0,0.0,134.0,203.095463231099,59.022315979003906
533,533.0,0.0,118.0,201.98305794461723,68.36014556884766
534,534.0,0.0,271.0,205.16771281421615,68.26107025146484
535,535.0,0.0,210.0,205.73770976115281,64.95661926269531
536,536.0,0.0,257.0,206.3477782390244,63.70755386352539
537,537.0,0.0,242.0,206.16182190994752,61.8265380859375
538,538.0,0.0,241.0,205.8532290414631,60.5244026184082
539,539.0,0.0,227.0,205.50392123653435,61.09069061279297
540,540.0,0.0,236.0,208.071457093194,60.677818298339844
541,541.0,0.0,11.0,205.56463572024387,61.09723663330078
542,542.0,0.0,230.0,208.0898984562481,60.72901916503906
543,543.0,0.0,286.0,211.62446874199628,64.66056060791016
544,544.0,0.0,229.0,211.6159506199597,61.54277420043945
545,545.0,0.0,226.0,211.47517485581727,60.585044860839844
546,546.0,0.0,-53.0,208.57863781984693,59.852176666259766
547,547.0,0.0,260.0,208.70360610830275,63.236663818359375
548,548.0,0.0,258.0,208.92201701280374,61.086402893066406
549,549.0,0.0,286.0,208.9966937455636,65.143310546875
550,550.0,0.0,249.0,209.0217894974265,60.33474349975586
551,551.0,0.0,221.0,209.1438642023879,63.353336334228516
552,552.0,0.0,250.0,209.07997824547303,61.466896057128906
553,553.0,0.0,229.0,208.73028300482088,58.96006774902344
554,554.0,0.0,201.0,208.14181521172975,62.495849609375
555,555.0,0.0,217.0,210.17867221585936,59.87895202636719
556,556.0,0.0,286.0,209.98017017929752,76.68428039550781
557,557.0,0.0,299.0,210.29821449808273,73.80577850341797
558,558.0,0.0,-22.0,208.14530748507005,59.882015228271484
559,559.0,0.0,296.0,208.69808030072645,66.75764465332031
560,560.0,0.0,235.0,208.11109368761953,61.19245529174805
561,561.0,0.0,300.0,208.33793273830867,74.41627502441406
562,562.0,0.0,139.0,207.14529646484772,60.17265701293945
563,563.0,0.0,300.0,207.8735114097293,72.8125991821289
564,564.0,0.0,236.0,208.8547444234244,61.13926315307617
565,565.0,0.0,282.0,208.74935138610192,75.14445495605469
566,566.0,0.0,236.0,208.22122673141317,60.07521057128906
567,567.0,0.0,236.0,210.51666912464268,60.058204650878906
568,568.0,0.0,208.0,209.7063986051091,68.12862396240234
569,569.0,0.0,266.0,210.21764709597886,61.07533645629883
570,570.0,0.0,283.0,210.20986741035168,63.26361846923828
571,571.0,0.0,265.0,210.10454902437672,63.202178955078125
572,572.0,0.0,285.0,210.87950795067056,63.3232307434082
573,573.0,0.0,30.0,208.8659621076041,67.49568176269531
574,574.0,0.0,224.0,211.76232104321255,63.236427307128906
575,575.0,0.0,216.0,211.00358033283493,59.848365783691406
576,576.0,0.0,273.0,210.84726157365304,63.71818923950195
577,577.0,0.0,253.0,212.3399158787319,62.86845397949219
578,578.0,0.0,8.0,211.53297163094888,59.84782028198242
579,579.0,0.0,258.0,211.58787348502548,62.202152252197266
580,580.0,0.0,-12.0,209.35498363477683,60.319095611572266
581,581.0,0.0,221.0,208.88427993787005,60.35273361206055
582,582.0,0.0,219.0,208.51637898099972,62.19351577758789
583,583.0,0.0,260.0,208.2454548448604,61.65584945678711
584,584.0,0.0,150.0,208.47309074989815,71.29186248779297
585,585.0,0.0,285.0,208.61963624797133,64.93075561523438
586,586.0,0.0,257.0,209.03631625812577,62.113372802734375
587,587.0,0.0,241.0,208.9901659419438,60.16355895996094
588,588.0,0.0,243.0,208.62038232540846,59.04375457763672
589,589.0,0.0,256.0,211.77099558683608,61.527042388916016
590,590.0,0.0,200.0,211.54648491878686,61.93755340576172
591,591.0,0.0,275.0,211.4159148862528,65.49143981933594
592,592.0,0.0,262.0,211.44605294582274,63.64530944824219
593,593.0,0.0,260.0,211.68521830363642,62.25382995605469
594,594.0,0.0,-9.0,209.38784720609092,59.42351150512695
595,595.0,0.0,236.0,209.15036693730363,59.364891052246094
596,596.0,0.0,271.0,211.78904146451086,63.12158966064453
597,597.0,0.0,199.0,214.0594072727541,61.75617218017578
598,598.0,0.0,260.0,214.24008725777674,61.79905319213867
599,599.0,0.0,137.0,215.99272868645122,68.99522399902344
600,600.0,0.0,233.0,218.02856151948083,60.2349739074707
601,601.0,0.0,211.0,217.37472928545148,65.47834777832031
602,602.0,0.0,238.0,216.97141935301505,63.53817367553711
603,603.0,0.0,247.0,217.1532447780424,62.51457977294922
604,604.0,0.0,272.0,220.5322372528662,61.18071746826172
605,605.0,0.0,289.0,221.0020450120009,70.47203826904297
606,606.0,0.0,208.0,221.05881400700437,58.421714782714844
607,607.0,0.0,120.0,219.4614794418999,59.51667022705078
608,608.0,0.0,268.0,219.55316972736972,61.95138931274414
609,609.0,0.0,230.0,219.0218738147048,60.720916748046875
610,610.0,0.0,294.0,219.80300413999925,71.24720001220703
611,611.0,0.0,253.0,219.54411146821175,61.1966552734375
612,612.0,0.0,261.0,221.01422201326602,60.954715728759766
613,613.0,0.0,110.0,219.3465214165922,56.54402160644531
614,614.0,0.0,278.0,220.9547601830778,75.61053466796875
615,615.0,0.0,319.0,221.8167522187298,76.19236755371094
616,616.0,0.0,284.0,222.14293986184677,70.35877990722656
617,617.0,0.0,304.0,222.52705621802312,66.04187774658203
618,618.0,0.0,258.0,222.90901669523032,62.31718444824219
619,619.0,0.0,258.0,223.00473439441325,62.68865203857422
620,620.0,0.0,280.0,222.90563654855575,63.5994987487793
621,621.0,0.0,291.0,223.221430779125,66.97972106933594
622,622.0,0.0,257.0,224.67660744742278,62.00405502319336
623,623.0,0.0,-147.0,220.83596204126715,89.13162231445312
624,624.0,0.0,104.0,219.4811230196823,59.0858268737793
625,625.0,0.0,78.0,217.75054070888112,57.16464614868164
626,626.0,0.0,246.0,217.44136044215517,63.23027038574219
627,627.0,0.0,273.0,218.89419977451158,61.99551010131836
628,628.0,0.0,255.0,219.6468170173512,62.296600341796875
629,629.0,0.0,292.0,220.43677461845732,65.84230041503906
630,630.0,0.0,6.0,217.96709791039922,62.035011291503906
631,631.0,0.0,269.0,218.24628076430574,62.6484375
632,632.0,0.0,225.0,219.15852717707415,64.30183410644531
633,633.0,0.0,248.0,220.45402946879574,65.6285171508789
634,634.0,0.0,273.0,220.47922038670907,66.8171615600586
635,635.0,0.0,225.0,220.62431144125324,60.5988655090332
636,636.0,0.0,288.0,220.93196485295937,67.13871002197266
637,637.0,0.0,300.0,221.51091941036572,67.0013656616211
638,638.0,0.0,260.0,221.69501722593918,61.344970703125
639,639.0,0.0,-44.0,218.97747722179517,59.65119552612305
640,640.0,0.0,277.0,219.38486110650325,70.04815673828125
641,641.0,0.0,109.0,220.36984325730668,67.52202606201172
642,642.0,0.0,280.0,220.86726627098588,66.36759185791016
643,643.0,0.0,128.0,219.2787737190781,57.333168029785156
644,644.0,0.0,-3.0,216.94885532915555,61.91389465332031
645,645.0,0.0,256.0,217.24648942667798,62.31010818481445
646,646.0,0.0,285.0,220.64275137172714,70.83142852783203
647,647.0,0.0,208.0,220.1251746680969,59.29105758666992
648,648.0,0.0,208.0,219.6270814592399,57.49396514892578
649,649.0,0.0,-42.0,216.34295603962107,58.37428665161133
650,650.0,0.0,265.0,216.497520956048,63.775611877441406
651,651.0,0.0,269.0,216.9790880128433,62.43358612060547
652,652.0,0.0,0.0,214.46286632063587,60.7553825378418
653,653.0,0.0,181.0,213.98512818203807,61.52779769897461
654,654.0,0.0,204.0,214.01168445235734,59.980506896972656
655,655.0,0.0,285.0,214.69601605200032,65.8437728881836
656,656.0,0.0,101.0,212.84746888424195,57.13759231567383
657,657.0,0.0,153.0,211.38472545692085,68.05980682373047
658,658.0,0.0,-182.0,209.78060058973634,56.91357421875
659,659.0,0.0,261.0,209.42821662448637,66.42523956298828
660,660.0,0.0,126.0,208.33826476905932,59.704620361328125
661,661.0,0.0,-10.0,205.23615346695243,57.6890869140625
662,662.0,0.0,283.0,206.6678584437692,64.58677673339844
663,663.0,0.0,213.0,205.8038525157969,59.70947265625
664,664.0,0.0,295.0,206.39807673139424,72.68667602539062
665,665.0,0.0,211.0,205.69182432648932,59.627445220947266
666,666.0,0.0,237.0,205.7019511699628,64.53934478759766
667,667.0,0.0,226.0,205.59490123161387,58.769588470458984
668,668.0,0.0,288.0,206.40160139004072,71.25469970703125
669,669.0,0.0,288.0,206.61886499793724,71.96078491210938
670,670.0,0.0,-39.0,203.39177745863643,57.38493728637695
671,671.0,0.0,275.0,203.49313763955425,65.17876434326172
672,672.0,0.0,218.0,202.81582472037778,63.17432403564453
673,673.0,0.0,239.0,204.9012016992142,60.299705505371094
674,674.0,0.0,200.0,204.66399153927333,62.64459228515625
675,675.0,0.0,295.0,205.4476595745935,66.82423400878906
676,676.0,0.0,265.0,205.36432002115373,62.80808639526367
677,677.0,0.0,21.0,203.04730907088782,62.51948547363281
678,678.0,0.0,214.0,205.11037946053506,60.047393798828125
679,679.0,0.0,125.0,203.77657760283492,57.755863189697266
680,680.0,0.0,262.0,206.5172921504722,62.251129150390625
681,681.0,0.0,230.0,206.60898786184833,62.97898483276367
682,682.0,0.0,217.0,206.58297600412476,59.8082275390625
683,683.0,0.0,-85.0,203.12482977889115,90.26353454589844
684,684.0,0.0,235.0,203.9793879637808,58.607994079589844
685,685.0,0.0,254.0,203.66968696113057,60.92390060424805
686,686.0,0.0,309.0,204.18654898362155,75.60702514648438
687,687.0,0.0,294.0,204.71505141808007,64.8722915649414
688,688.0,0.0,266.0,204.94009209976304,63.22505187988281
689,689.0,0.0,238.0,204.7603021981713,60.948822021484375
690,690.0,0.0,116.0,203.92022449785034,57.57783508300781
691,691.0,0.0,29.0,201.46248775652018,63.21217727661133
692,692.0,0.0,298.0,201.82624365764795,73.9806137084961
693,693.0,0.0,206.0,201.2875543689114,60.7132682800293
694,694.0,0.0,261.0,203.99979982739254,61.9934196472168
695,695.0,0.0,286.0,204.50475046741587,64.33104705810547
696,696.0,0.0,10.0,201.89635561304442,59.53915786743164
697,697.0,0.0,284.0,202.7420099408304,67.2778549194336
698,698.0,0.0,203.0,202.16923988154016,59.338523864746094
699,699.0,0.0,199.0,202.78979756303195,62.65037536621094
700,700.0,0.0,-19.0,200.26352961965947,58.367820739746094
701,701.0,0.0,297.0,201.12701088918763,73.109375
702,702.0,0.0,-41.0,198.32722737988658,58.64825439453125
703,703.0,0.0,242.0,198.27308022984244,63.468894958496094
704,704.0,0.0,-8.0,195.46517742746906,61.34510803222656
705,705.0,0.0,214.0,194.71728798827186,59.343265533447266
706,706.0,0.0,257.0,195.2112723192266,63.468238830566406
707,707.0,0.0,139.0,195.40584424524448,57.1593017578125
708,708.0,0.0,261.0,195.33230655694888,62.11773681640625
709,709.0,0.0,230.0,195.33602488565836,59.88087844848633
710,710.0,0.0,261.0,195.005509242225,66.26681518554688
711,711.0,0.0,233.0,194.8022423402198,61.213905334472656
712,712.0,0.0,281.0,195.0005156819948,60.54749298095703
713,713.0,0.0,8.0,193.98298100531568,61.762943267822266
714,714.0,0.0,275.0,193.95835821345347,66.23454284667969
715,715.0,0.0,267.0,193.4334614553068,66.13003540039062
716,716.0,0.0,217.0,192.75963160624886,60.337127685546875
717,717.0,0.0,244.0,192.15704509646636,60.495826721191406
718,718.0,0.0,203.0,191.60739108784983,61.54255294799805
719,719.0,0.0,284.0,191.87381615811938,66.80464172363281
720,720.0,0.0,177.0,190.83608652238425,66.9374771118164
721,721.0,0.0,287.0,190.7909843367852,67.79286193847656
722,722.0,0.0,147.0,189.69356134717353,58.51837158203125
723,723.0,0.0,257.0,193.7433644614841,62.011375427246094
724,724.0,0.0,95.0,193.65380655765776,56.28757095336914
725,725.0,0.0,262.0,195.49275887199852,74.9610366821289
726,726.0,0.0,298.0,196.01313984714443,74.9808349609375
727,727.0,0.0,238.0,195.65946435563208,62.49341583251953
728,728.0,0.0,236.0,195.47743722492956,62.5550422668457
729,729.0,0.0,99.0,193.5506884916296,65.02032470703125
730,730.0,0.0,-59.0,192.89318058577652,60.234291076660156
731,731.0,0.0,258.0,192.77745237151692,62.09916305541992
732,732.0,0.0,272.0,193.24921648503872,62.890541076660156
733,733.0,0.0,115.0,191.91560573367926,57.409385681152344
734,734.0,0.0,257.0,191.75520365994782,61.3026123046875
735,735.0,0.0,203.0,191.53931753977724,59.619510650634766
736,736.0,0.0,235.0,191.0054492181555,63.85619354248047
737,737.0,0.0,-41.0,187.5840121967232,58.40454864501953
738,738.0,0.0,245.0,187.4365837732955,61.72287368774414
739,739.0,0.0,243.0,190.3134934937287,58.6238899230957
740,740.0,0.0,250.0,190.04564178746097,61.28228759765625
741,741.0,0.0,-26.0,188.6838821242308,59.031246185302734
742,742.0,0.0,287.0,188.75435337375862,64.82713317871094
743,743.0,0.0,145.0,188.92400907958034,56.874149322509766
744,744.0,0.0,286.0,191.82391794894934,69.0270767211914
745,745.0,0.0,263.0,191.8954535258464,62.291839599609375
746,746.0,0.0,271.0,191.7535289593126,63.440589904785156
747,747.0,0.0,247.0,192.14337770365023,60.330474853515625
748,748.0,0.0,-16.0,189.89190919719167,59.89366912841797
749,749.0,0.0,269.0,193.00850082998463,62.03386688232422
750,750.0,0.0,263.0,192.99130656269443,63.72874069213867
751,751.0,0.0,262.0,192.92282430118874,63.86135482788086
752,752.0,0.0,268.0,195.61868280282187,62.982383728027344
753,753.0,0.0,252.0,196.32959940226135,61.94642639160156
754,754.0,0.0,259.0,196.87768749181092,60.36936569213867
755,755.0,0.0,204.0,196.05984988368382,66.44428253173828
756,756.0,0.0,273.0,197.7801119395328,61.88717269897461
757,757.0,0.0,247.0,198.71910736925778,62.38786315917969
758,758.0,0.0,276.0,203.31058300300623,76.1822738647461
759,759.0,0.0,283.0,203.5361393986737,65.89298248291016
760,760.0,0.0,223.0,204.5062389565888,60.66997146606445
761,761.0,0.0,252.0,207.13012340471687,61.82561111450195
762,762.0,0.0,252.0,206.82819806947552,62.021060943603516
763,763.0,0.0,292.0,207.61875728238113,67.6309585571289
764,764.0,0.0,280.0,207.46717954399023,74.1023178100586
765,765.0,0.0,249.0,207.84512583881687,60.721073150634766
766,766.0,0.0,-1.0,205.45423572280254,60.411251068115234
767,767.0,0.0,-17.0,203.01395342916967,62.407447814941406
768,768.0,0.0,8.0,200.2141412992171,60.18113327026367
769,769.0,0.0,-37.0,196.9593536396975,59.691158294677734
770,770.0,0.0,217.0,199.5241204470168,61.6754150390625
771,771.0,0.0,300.0,199.77469560389585,73.33324432373047
772,772.0,0.0,254.0,200.13663176064932,62.72097396850586
773,773.0,0.0,138.0,199.12822519228544,68.03759765625
774,774.0,0.0,278.0,199.90658090724776,62.73849105834961
775,775.0,0.0,283.0,199.79319235276012,63.6391487121582
776,776.0,0.0,275.0,199.89708767776156,63.71250534057617
777,777.0,0.0,-12.0,199.55286434355344,59.13055419921875
778,778.0,0.0,166.0,199.07808742474444,69.42630767822266
779,779.0,0.0,82.0,198.6453053525606,56.46551513671875
780,780.0,0.0,249.0,198.51628123295498,69.63433074951172
781,781.0,0.0,271.0,198.9294837481032,64.27372741699219
782,782.0,0.0,254.0,199.29935921645907,61.373531341552734
783,783.0,0.0,285.0,203.0074226998948,71.87594604492188
784,784.0,0.0,215.0,202.80602266593147,63.764854431152344
785,785.0,0.0,146.0,201.72559951870983,70.47467041015625
786,786.0,0.0,12.0,198.75221742511695,62.5123405456543
787,787.0,0.0,0.0,195.81011466734992,57.998023986816406
788,788.0,0.0,260.0,195.7480439230374,69.12752532958984
789,789.0,0.0,286.0,196.22639392254717,66.13982391357422
790,790.0,0.0,207.0,197.13713536517136,66.10987091064453
791,791.0,0.0,240.0,199.24698274506864,59.64478302001953
792,792.0,0.0,274.0,198.99965794821827,63.58758544921875
793,793.0,0.0,240.0,199.3428065334687,60.62800216674805
794,794.0,0.0,283.0,199.555960589678,65.08794403076172
795,795.0,0.0,197.0,198.66168048242548,64.08497619628906
796,796.0,0.0,239.0,200.9564804716044,62.30127716064453
797,797.0,0.0,190.0,200.0145379156885,62.26435470581055
798,798.0,0.0,224.0,200.22428705867128,61.450950622558594
799,799.0,0.0,168.0,199.91926638656025,61.39302062988281
800,800.0,0.0,113.0,201.2423936487405,67.78575134277344
801,801.0,0.0,-19.0,198.06869063255505,61.92207717895508
802,802.0,0.0,286.0,201.34423017401008,73.21234893798828
803,803.0,0.0,259.0,201.5133359571621,61.07624435424805
804,804.0,0.0,27.0,201.8750189318076,62.214237213134766
805,805.0,0.0,263.0,202.37206138713455,64.6147232055664
806,806.0,0.0,238.0,202.18292354718375,59.87284469604492
807,807.0,0.0,113.0,201.9256075571681,57.24094772338867
808,808.0,0.0,226.0,201.57720035887544,60.93503952026367
809,809.0,0.0,219.0,201.4592770274719,58.89767837524414
810,810.0,0.0,266.0,201.51533587278985,62.31931686401367
811,811.0,0.0,262.0,201.81049085118178,60.21143341064453
812,812.0,0.0,-52.0,198.47525360400172,58.99070358276367
813,813.0,0.0,264.0,201.02688077764464,62.51113510131836
814,814.0,0.0,220.0,200.4751120558603,58.38835906982422
815,815.0,0.0,244.0,200.25100661614314,61.63030242919922
816,816.0,0.0,240.0,200.48497634033967,61.74177169799805
817,817.0,0.0,22.0,198.27117634908046,62.46182632446289
818,818.0,0.0,206.0,198.30095234432096,59.77644348144531
819,819.0,0.0,277.0,198.2263181559116,64.88834381103516
820,820.0,0.0,227.0,198.73546660747533,59.39573287963867
821,821.0,0.0,221.0,198.0760887560384,59.29100036621094
822,822.0,0.0,162.0,198.22314872685575,70.8047866821289
823,823.0,0.0,242.0,198.07844233950502,62.250343322753906
824,824.0,0.0,202.0,199.15197066176347,67.11750793457031
825,825.0,0.0,206.0,198.5936537691186,59.83523178100586
826,826.0,0.0,108.0,196.68877130310221,57.23823928833008
827,827.0,0.0,240.0,196.7114183810033,59.54975509643555
828,828.0,0.0,174.0,196.0901119011346,63.196685791015625
829,829.0,0.0,247.0,197.57075337749842,59.46147918701172
830,830.0,0.0,256.0,200.72781178825406,62.594146728515625
831,831.0,0.0,30.0,198.44518606396073,62.88569641113281
832,832.0,0.0,238.0,198.09695321850998,60.480690002441406
833,833.0,0.0,265.0,199.6034749854338,60.514915466308594
834,834.0,0.0,201.0,199.03793073705015,64.04217529296875
835,835.0,0.0,294.0,199.95166815114268,72.30879211425781
836,836.0,0.0,278.0,200.38474563486122,65.13056182861328
837,837.0,0.0,123.0,202.03935478853512,56.996402740478516
838,838.0,0.0,285.0,202.44271410803407,64.30496978759766
839,839.0,0.0,214.0,202.15840332871934,60.90487289428711
840,840.0,0.0,280.0,202.4601453364642,65.09137725830078
841,841.0,0.0,230.0,205.02740852565609,61.99186706542969
842,842.0,0.0,241.0,204.5745646794037,62.47621154785156
843,843.0,0.0,197.0,205.10042729479466,61.23624038696289
844,844.0,0.0,254.0,204.7825023884148,62.300662994384766
845,845.0,0.0,-35.0,201.79579007979567,58.68743133544922
846,846.0,0.0,223.0,201.3135900985494,64.6270980834961
847,847.0,0.0,216.0,201.0050918827422,62.39912414550781
848,848.0,0.0,218.0,203.35930272921004,59.717002868652344
849,849.0,0.0,246.0,203.134593021533,60.677024841308594
850,850.0,0.0,297.0,203.47383716418585,75.13787078857422
851,851.0,0.0,0.0,200.8522377354757,58.934627532958984
852,852.0,0.0,5.0,198.2205671007435,62.442283630371094
853,853.0,0.0,264.0,198.34073033445944,62.67864227294922
854,854.0,0.0,186.0,197.61597820912252,63.25919723510742
855,855.0,0.0,3.0,195.6083423256104,61.320037841796875
856,856.0,0.0,233.0,195.20867571109352,59.56125259399414
857,857.0,0.0,297.0,195.71692354583908,75.5939712524414
858,858.0,0.0,-172.0,191.23120201553013,91.38189697265625
859,859.0,0.0,267.0,191.065097752984,66.41412353515625
860,860.0,0.0,266.0,191.49501458338713,63.22264862060547
861,861.0,0.0,156.0,190.5384515286811,69.5135498046875
862,862.0,0.0,280.0,190.81388574580728,63.55552673339844
863,863.0,0.0,236.0,190.2479810112942,59.043701171875
864,864.0,0.0,11.0,187.556885537122,60.542057037353516
865,865.0,0.0,248.0,187.54931715581185,64.11776733398438
866,866.0,0.0,259.0,190.1649480685937,61.576026916503906
867,867.0,0.0,-11.0,190.22854459158927,61.5359992980957
868,868.0,0.0,123.0,191.37803289980684,57.94536590576172
869,869.0,0.0,234.0,194.0911835004414,62.709556579589844
870,870.0,0.0,213.0,194.05809133944817,61.05271911621094
871,871.0,0.0,231.0,193.36738713308762,62.440181732177734
872,872.0,0.0,200.0,192.82893716177824,60.83692169189453
873,873.0,0.0,193.0,193.37805691466755,67.66108703613281
874,874.0,0.0,-18.0,190.40353987723424,59.74679946899414
875,875.0,0.0,281.0,190.381940542886,70.25788879394531
876,876.0,0.0,240.0,190.02978722846012,60.204261779785156
877,877.0,0.0,291.0,193.07233194866254,66.44253540039062
878,878.0,0.0,-9.0,191.31032613127803,60.09403991699219
879,879.0,0.0,236.0,192.85626360379118,62.08864212036133
880,880.0,0.0,261.0,192.97722187301946,60.978675842285156
881,881.0,0.0,241.0,192.67390498805202,63.1187629699707
882,882.0,0.0,283.0,192.97207812477075,63.9061279296875
883,883.0,0.0,229.0,192.4109626899867,60.7791862487793
884,884.0,0.0,92.0,191.18057762681522,57.505794525146484
885,885.0,0.0,281.0,192.5261676013015,64.74288177490234
886,886.0,0.0,249.0,194.89892771684103,60.16032791137695
887,887.0,0.0,139.0,196.29637110302863,57.38798904418945
888,888.0,0.0,-24.0,193.44799791985287,60.68522262573242
889,889.0,0.0,0.0,190.57226687363627,60.57402801513672
890,890.0,0.0,277.0,191.27704968824537,64.72942352294922
891,891.0,0.0,-21.0,188.64968469793195,59.46533966064453
892,892.0,0.0,284.0,188.75675627610565,63.93734359741211
893,893.0,0.0,-13.0,186.2104988469543,60.122257232666016
894,894.0,0.0,261.0,185.99084499558333,62.31094741821289
895,895.0,0.0,243.0,186.4556394435301,62.08214569091797
896,896.0,0.0,-55.0,183.4994410380972,61.205142974853516
897,897.0,0.0,284.0,184.44232279317978,69.983642578125
898,898.0,0.0,265.0,184.86043932342375,63.67828369140625
899,899.0,0.0,258.0,185.76290968573107,62.23175811767578
900,900.0,0.0,265.0,187.28482664054877,67.2414321899414
901,901.0,0.0,257.0,190.05815956953376,61.81606674194336
902,902.0,0.0,-55.0,186.6351451155306,57.49866485595703
903,903.0,0.0,275.0,186.79518928363248,63.761451721191406
904,904.0,0.0,286.0,189.388999784204,64.83114624023438
905,905.0,0.0,216.0,188.9112463842708,60.17389678955078
906,906.0,0.0,286.0,189.38273899668266,64.76456451416016
907,907.0,0.0,9.0,188.33733083665868,73.48684692382812
908,908.0,0.0,216.0,188.23695385370095,59.82014083862305
909,909.0,0.0,158.0,187.63597722003547,62.17084503173828
910,910.0,0.0,222.0,187.1901598672128,61.11280822753906
911,911.0,0.0,236.0,186.92470214545537,63.2440071105957
912,912.0,0.0,190.0,189.34962058600178,63.92308044433594
913,913.0,0.0,256.0,189.27200092224416,62.40919494628906
914,914.0,0.0,79.0,187.85943428952362,56.32476806640625
915,915.0,0.0,-8.0,185.32871418244412,58.52896499633789
916,916.0,0.0,256.0,185.48928947687062,62.13490676879883
917,917.0,0.0,115.0,186.4175939019684,57.85651779174805
918,918.0,0.0,201.0,186.36644717641167,59.74245071411133
919,919.0,0.0,276.0,186.354836417964,65.87129974365234
920,920.0,0.0,242.0,186.50155777521067,59.75394821166992
921,921.0,0.0,204.0,186.32764429310927,62.10439682006836
922,922.0,0.0,234.0,187.05406012427437,61.44093704223633
923,923.0,0.0,240.0,187.03158109014979,60.278839111328125
924,924.0,0.0,220.0,187.2108478435556,58.7667350769043
925,925.0,0.0,87.0,186.01636842456443,57.576595306396484
926,926.0,0.0,247.0,187.4035973982109,61.95916748046875
927,927.0,0.0,222.0,187.2215865233571,60.840335845947266
928,928.0,0.0,91.0,186.38980771066673,67.15050506591797
929,929.0,0.0,-16.0,183.75092410112148,61.2409782409668
930,930.0,0.0,208.0,183.26806726063938,61.57896041870117
931,931.0,0.0,285.0,185.82440627562704,72.61497497558594
932,932.0,0.0,250.0,185.94630011525558,59.47869873046875
933,933.0,0.0,283.0,186.11957208887227,64.0050277709961
934,934.0,0.0,264.0,186.75660897871992,60.392845153808594
935,935.0,0.0,267.0,186.4863982107111,65.27957916259766
936,936.0,0.0,280.0,186.51069157362872,68.77548217773438
937,937.0,0.0,233.0,187.60686961483498,61.339317321777344
938,938.0,0.0,213.0,186.88495377179476,59.772666931152344
939,939.0,0.0,275.0,187.4934378137434,61.05413818359375
940,940.0,0.0,284.0,187.53005088463968,63.897518157958984
941,941.0,0.0,-34.0,184.88306795015544,60.62955856323242
942,942.0,0.0,280.0,185.26860129956768,61.074806213378906
943,943.0,0.0,284.0,186.13689535109813,72.12945556640625
944,944.0,0.0,242.0,186.01631500488438,62.17430114746094
945,945.0,0.0,199.0,188.36919034276252,61.35758590698242
946,946.0,0.0,211.0,188.244672449994,59.17671585083008
947,947.0,0.0,133.0,187.4073112391768,57.20498275756836
948,948.0,0.0,122.0,186.438940639341,55.71818923950195
949,949.0,0.0,123.0,185.20593025319454,63.06122970581055
950,950.0,0.0,231.0,184.5463174073933,61.47520065307617
951,951.0,0.0,298.0,187.53190488442897,75.91313171386719
952,952.0,0.0,272.0,190.20100135152182,64.8902359008789
953,953.0,0.0,215.0,189.71169028334282,60.28196716308594
954,954.0,0.0,251.0,190.36193446530822,72.7012710571289
955,955.0,0.0,227.0,192.60704971309443,64.7048110961914
956,956.0,0.0,62.0,190.89138538575003,65.50203704833984
957,957.0,0.0,262.0,190.5363774351292,61.341575622558594
958,958.0,0.0,249.0,194.75454636661516,59.765499114990234
959,959.0,0.0,159.0,193.67352605496617,60.132286071777344
960,960.0,0.0,295.0,193.96783271015855,73.3492431640625
961,961.0,0.0,253.0,194.93324397236944,64.09103393554688
962,962.0,0.0,-22.0,191.89937803394233,60.320526123046875
963,963.0,0.0,127.0,190.81345558195923,57.35102462768555
964,964.0,0.0,217.0,192.87217523086778,68.73001861572266
965,965.0,0.0,248.0,192.87013762775752,63.31953811645508
966,966.0,0.0,239.0,192.6645695836793,64.66879272460938
967,967.0,0.0,200.0,194.7862421089812,61.15159606933594
968,968.0,0.0,19.0,193.7413143214667,64.3105239868164
969,969.0,0.0,227.0,193.67672705974238,59.728660583496094
970,970.0,0.0,248.0,194.02277901155566,59.57522964477539
971,971.0,0.0,283.0,194.5443568149186,77.38365173339844
972,972.0,0.0,249.0,195.03451688843842,63.86211013793945
973,973.0,0.0,36.0,193.46670954267387,62.47640609741211
974,974.0,0.0,252.0,196.17887600884163,61.65754318237305
975,975.0,0.0,201.0,195.38211991286548,64.48365783691406
976,976.0,0.0,281.0,195.78715061714547,64.51803588867188
977,977.0,0.0,194.0,194.81402898241143,62.941436767578125
978,978.0,0.0,-4.0,194.85897896353,60.90738296508789
979,979.0,0.0,257.0,195.06358084240995,60.380191802978516
980,980.0,0.0,214.0,194.59565788316507,61.156761169433594
981,981.0,0.0,301.0,195.1915286545927,73.64051055908203
982,982.0,0.0,274.0,195.10249211767376,65.75809478759766
983,983.0,0.0,268.0,195.48828079145946,63.64472579956055
984,984.0,0.0,242.0,196.98958481330297,60.29727554321289
985,985.0,0.0,126.0,195.44190246078844,58.76033401489258
986,986.0,0.0,222.0,195.16999927407826,62.09719467163086
987,987.0,0.0,223.0,196.0093511929248,67.43478393554688
988,988.0,0.0,283.0,199.0904399060981,75.1615219116211
989,989.0,0.0,271.0,201.81448511176438,64.34215545654297
990,990.0,0.0,254.0,201.5851483726015,62.37527847290039
991,991.0,0.0,29.0,202.09803897067877,65.34809875488281
992,992.0,0.0,237.0,201.6221798547833,59.98996353149414
993,993.0,0.0,244.0,204.20390450504053,60.82401657104492
994,994.0,0.0,265.0,204.2419240693814,61.687416076660156
995,995.0,0.0,281.0,204.6223040023455,65.57420349121094
996,996.0,0.0,296.0,208.14672111811652,68.89879608154297
997,997.0,0.0,283.0,208.13958021098315,62.718544006347656
998,998.0,0.0,293.0,208.41905095472606,65.67057037353516
999,999.0,0.0,234.0,208.17877717147857,65.12902069091797
