score_mean,score_std,avg_q_values_mean,avg_q_values_std,rolling_100_score
-212.8,103.16445736375438,-0.8675583943724632,1.4428452902799513,-212.8
-161.7,99.38659233942025,0.057871219143271445,2.3166703712778802,-187.25
-193.35,101.41435328705487,0.9001076117157936,2.8906140155231146,-189.28333333333333
-185.95,114.5395702711283,1.8461328089237212,5.192637282602107,-188.45
-182.75,130.7641005781021,2.125098592042923,5.3819222102416235,-187.31
-130.15,40.387954170832465,3.1892549246549606,6.779200227801361,-177.78333333333333
-140.5,96.07973662262863,5.148941810324322,5.613565057471485,-172.45714285714286
-212.15,117.22954315987793,5.295567996706813,9.753983928422466,-177.41875000000002
-178.55,86.3039152615551,6.5847685694694515,11.78303783790197,-177.54444444444445
-153.25,112.07416482424766,8.079200056195258,11.503945569780877,-175.115
-138.45,83.8704985457687,10.378802850842476,18.369199349305976,-171.78181818181818
-154.2,86.66001323988382,9.119076585769653,16.395866782005776,-170.3166666666667
-194.25,127.0527760213717,4.117402437701822,12.418107500031406,-172.15769230769232
-196.8,115.68223263478461,6.073268443346024,10.155725614417618,-173.91785714285717
-149.95,114.97435640863117,10.474277922511101,17.448335216734062,-172.32000000000002
-172.6,109.95137681338007,9.203627202659845,9.316605443486205,-172.3375
-179.3,88.52718880600885,6.476338040828705,14.762396340592952,-172.74705882352941
-161.5,67.83455104730534,10.821511877328158,17.042915420482892,-172.12222222222223
-147.1,107.47430537477072,8.207186648249627,13.652407176987017,-170.80526315789476
-149.0,80.80059926823107,10.598763844370842,17.371363942268317,-169.715
-131.1,77.45280396541666,7.952062630653382,14.309881650532375,-167.8761904761905
-133.2,86.47092605397249,12.64278485774994,18.888011193822393,-166.29999999999998
-176.6,119.00747433404516,11.766744551062583,20.957396984848266,-166.7478260869565
-160.45,92.99206247960375,11.108207106590271,15.028978523711539,-166.48541666666665
-163.25,123.52237172184427,2.274585363268852,14.577552877618585,-166.356
-172.45,107.76850189178654,5.716099691390991,16.305326803653667,-166.5903846153846
-178.05,98.8483554158644,8.067573443055153,17.72454518250571,-167.0148148148148
-134.15,80.10734574372853,12.212850053608417,18.48426453098143,-165.8410714285714
-141.35,123.37417412937465,15.564246194064618,20.334506256528723,-164.99655172413793
-113.2,118.02747227034186,9.718913370370865,12.233651069261963,-163.26999999999998
-105.35,91.91831327754808,12.095798695087433,17.53553114605996,-161.4016129032258
-113.5,87.2567294946657,6.537124885525555,14.39186868901855,-159.9046875
-115.05,134.76938391973624,14.262425608932972,12.604394879156207,-158.54545454545453
-97.1,63.36768228280672,9.716993674635887,13.533916887233158,-156.73823529411766
-108.65,60.398043711783636,11.677111423015594,11.238140245508937,-155.36428571428573
-93.75,71.04844529577947,12.075047051906585,16.18849476619284,-153.65277777777777
-109.3,130.2552554753449,6.851866900920868,22.053977634351735,-152.45405405405407
-127.6,107.46965299929776,18.500122600793837,14.373730948621759,-151.8
-74.4,92.05913431336575,13.664582216739655,17.047055672422804,-149.81538461538463
-83.65,57.36244415992052,11.902905422449113,17.34931476462041,-148.16125
-76.3,60.156025204638084,16.941733619570734,11.819478128707347,-146.40853658536585
-57.3,48.14790808157276,21.226572704315185,12.18009322946022,-144.28690476190476
-82.2,49.926893923436744,20.55844773054123,14.658996554093699,-142.84302325581396
-82.9,65.3596527723818,21.261482660099865,15.927792111962457,-141.4806818181818
-87.4,92.41348728177584,18.190886571072042,18.086543726008628,-140.27888888888887
-75.15,46.538354301077646,12.768827593326568,18.058616039861725,-138.86304347826083
-52.6,33.18909142284079,16.93631256222725,11.352724347349817,-137.02765957446806
-48.55,58.167159300180984,17.122350573539734,22.442085337724272,-135.184375
-82.6,78.71093015786174,17.909448993206023,13.975102560173367,-134.11122448979592
-66.6,54.12694630024378,17.178980898857116,17.806593513301507,-132.761
-86.4,87.66707357653547,12.084928661584854,15.519173302533272,-131.85196078431372
-84.45,85.71217133983642,13.393853019177914,20.701352290832386,-130.9403846153846
-26.55,40.83145717136289,21.245167899131776,12.921404845925492,-128.97075471698113
-71.4,55.89124778484882,17.289585542678832,20.08510748338978,-127.90462962962962
-96.25,96.57877886117524,21.323143362998962,16.357491303556323,-127.3290909090909
-53.2,74.0139389432473,18.894234122685155,18.040781134215244,-126.00535714285714
-72.15,107.41472750144892,18.07847203016281,19.993500956615037,-125.06052631578946
-52.85,41.561970218230186,24.642599831521512,11.02610494121758,-123.8155172413793
-78.85,83.40218033247409,25.87731166779995,17.310102918484365,-123.05338983050846
-49.3,74.78819214428522,17.334370470047,23.096985373082184,-121.82416666666667
-97.2,59.94611615530453,25.34910488128662,16.101766511807888,-121.42049180327868
-87.8,67.80281006441825,21.79289588034153,20.316138334467457,-120.87822580645161
-68.45,94.68144652353742,17.134569936990736,24.7748980658431,-120.04603174603174
-70.45,74.29208004824427,19.933435988426208,19.907595096244847,-119.27109374999999
-50.6,100.75264133928253,17.87252323627472,22.655384049467997,-118.21461538461539
-102.3,112.34116272366626,18.347039192914963,15.402267366286917,-117.97348484848484
-101.5,91.70174767318117,16.476622116565704,16.6191570209073,-117.7276119402985
-79.1,94.40221897481236,24.00056748986244,26.526647456662413,-117.15955882352942
-73.55,96.4072911634472,23.783035039901733,20.668123007297538,-116.52753623188407
-78.05,84.28302882175284,25.07251892387867,23.61222284593049,-115.97785714285715
-59.9,71.20977165352639,26.40210577249527,19.453972609462088,-115.18802816901409
-71.4,94.28422874199951,24.699941563606263,17.91561542657124,-114.57986111111111
-42.65,81.2580522325731,22.46323871612549,20.780900123763605,-113.5945205479452
-21.75,87.53878839511209,23.116837859153748,18.42867674419082,-112.35337837837838
-52.65,69.59225229109465,27.020128846168518,17.527110901645273,-111.55733333333332
-43.45,60.199208772558684,31.787392330169677,21.761804671884423,-110.66118421052632
-32.25,105.94779002190803,27.186644434928894,21.241443069590535,-109.64285714285714
-5.9,94.95921562217616,30.528681332618,18.205273367304688,-108.31282051282051
-8.2,108.28062955506911,28.280177319049834,19.872204862950646,-107.04556962025318
0.3,78.46360202097061,31.63201125860214,19.3265369680991,-105.70375000000001
-10.4,69.46669023806719,35.919086647033694,25.746599903658304,-104.52716049382717
-24.55,97.34446433589382,37.84535510540009,27.262563988529593,-103.55182926829268
-19.8,71.34541625817758,43.751740956306456,25.488999642061003,-102.54277108433735
1.35,113.6709355066077,44.056523758172986,28.91693162348752,-101.30595238095236
-7.65,68.23818579065538,52.42190427780152,25.897760848721404,-100.20411764705881
12.75,87.7687601778554,34.77037000656128,19.82208619463531,-98.89069767441859
-11.0,104.5708020031354,39.79673624038696,19.393030261263167,-97.88045977011492
13.65,91.64765193535052,32.839981937408446,16.55173813595849,-96.61306818181816
-15.55,87.82546987004814,45.68178126811981,30.60494980205361,-95.70224719101121
-5.1,76.7586100090818,42.07455439567566,29.047708784549357,-94.69555555555554
24.05,81.8030207909605,36.110953187942506,26.925655266446714,-93.39065934065933
-5.75,79.66830909266376,47.84964284896851,24.80161997509726,-92.43804347826087
3.25,93.41524444509494,47.15601029396057,27.52116626156164,-91.40913978494623
18.9,85.31113335130539,42.47987470626831,23.033178026889686,-90.23563829787234
37.35,83.27208099768019,29.994264078140258,16.380903086009937,-88.89263157894736
47.8,83.18375347449322,37.04129707813263,24.61905346604709,-87.46875
-0.9,106.11706544636151,38.578805923461914,22.622237998687,-86.57628865979382
43.55,115.22494019137204,34.13488955497742,17.77818301274282,-85.24846938775511
34.2,125.7401665088933,30.64239854812622,16.083087290763228,-84.04191919191919
9.75,180.34874840883032,44.54992356300354,22.84666287014371,-83.104
53.4,108.40537955189065,42.57119262218475,30.32694218561284,-80.442
35.2,107.66791048111048,41.069425868988034,24.172017947789435,-78.473
41.65,155.69615314857063,37.602154064178464,20.9645821149804,-76.123
61.4,123.36356196646005,43.548639583587644,25.37494306660792,-73.6495
52.3,104.68504140867904,39.403673601150516,24.003037511089676,-71.299
43.25,116.99791945968414,35.80725932121277,17.62666621407097,-69.56500000000001
91.3,98.88542013759901,34.579964506626126,21.33040358249369,-67.24700000000001
32.5,151.41386295427787,50.49536885023117,35.29319609060774,-64.80050000000001
61.1,164.7239796559208,37.74391677379608,21.976706542681423,-62.404
93.7,80.75244822751098,35.37233295440674,23.84389447502212,-59.93450000000001
87.4,123.85917300241474,40.416622227430345,24.281653749261345,-57.676000000000016
42.05,158.95430492009825,38.86685791015625,25.465301565035062,-55.71350000000001
91.4,76.57978295800228,35.08452599048614,21.44706369717917,-52.85700000000001
106.6,107.36577912126278,37.43675632476807,21.78891793085638,-49.82300000000001
139.5,103.07815124049274,37.05742936134338,15.252259586025447,-46.928500000000014
38.7,212.55788066213623,38.38641810417175,21.153401771913842,-44.815500000000014
49.1,143.9063657565681,48.96481819152832,28.45895296781459,-42.53150000000001
134.0,110.37925052911177,42.55196342468262,21.908143224116714,-39.5765
128.3,106.34061461073786,40.76866731643677,23.274659177038657,-36.822500000000005
116.05,126.39640026519743,39.135657739639285,20.161460281708806,-34.172000000000004
71.2,128.71576192689474,40.78973660469055,20.942155397332748,-32.14900000000001
60.15,106.10435528538078,41.34151372909546,21.825523599015312,-30.215500000000006
141.05,117.77877344277368,41.31744203567505,16.420899640566372,-27.039000000000005
84.25,108.60400060480471,51.687870788574216,27.260524177232316,-24.592000000000006
115.5,149.6330599552751,50.2616904258728,26.872443283576374,-21.804500000000008
155.9,90.04086791416908,41.63011856079102,19.705232184229732,-18.521000000000004
122.65,117.50488231737886,41.25240259170532,23.160709496558287,-15.514000000000005
156.95,128.0306192818117,41.172229051589966,13.671960231521242,-12.603000000000003
183.75,110.31480074386164,42.87565717697144,14.944375012740773,-9.352000000000004
74.35,156.3014210124985,47.24268503189087,19.502935774635105,-7.476500000000003
110.75,153.48611286401535,47.80031976699829,20.802269577440185,-5.315500000000003
140.75,100.19395664094927,45.81763877868652,24.010823597674968,-2.773000000000003
129.15,136.47181124011615,44.870934057235715,21.50869085463375,-0.3310000000000029
188.15,91.74178580754734,44.15282106399536,18.661797440209927,2.5214999999999974
106.9,129.63101480741406,47.69227724075317,21.951260267456362,4.676999999999997
121.6,125.96006050373772,48.685602855682376,19.806226166415755,6.830499999999997
181.75,92.90565389854264,41.60479526519775,13.819340753894341,9.740999999999996
153.7,138.0709581109808,46.629216003417966,16.39916824135297,12.553999999999997
137.9,135.81058791373258,47.64004926681518,17.269912869451197,14.676999999999998
126.4,154.18560244069482,58.302286529541014,25.262449893763215,16.7775
170.8,114.03951300455377,47.925189304351804,12.040206024268018,19.2485
163.15,123.84084650533481,48.17775917053223,13.456176848228626,21.453000000000003
142.6,136.13205662923508,52.91746425628662,18.98853932222103,23.701
141.85,113.39742640725791,48.127115154266356,17.232594618218243,25.9485
139.3,115.0597556421056,50.14778728485108,17.770195829867244,28.215500000000002
182.8,90.62856526562287,52.19634218215943,19.632890722911387,30.795000000000005
206.7,95.81841378906579,48.14205884933472,12.050361084962319,33.388000000000005
191.75,128.76697639739126,44.566861152648926,11.827148410408187,35.791000000000004
161.55,134.8185818053283,49.715600395202635,16.97695692147736,38.2325
137.25,122.5822495092044,55.15789318084717,17.829052465135735,40.271
221.95,78.98265965587503,49.31075468063354,12.142914976855826,43.3545
181.35,103.19693742905767,51.47750835418701,14.203685790575381,46.0125
231.6,80.10282865102042,51.83537011146545,13.85395767735011,48.59400000000001
184.85,90.40975436428597,57.688051795959474,22.2063145751359,51.15650000000001
165.8,206.95120197766425,53.03664150238037,13.289970513275911,53.77700000000001
152.1,142.5338002388427,55.67309017181397,23.458586173808495,55.83000000000001
180.6,98.85789908007511,55.741883277893066,19.948179951680125,58.35750000000001
179.55,120.11594179660005,60.23217430114746,23.065737309873036,60.681500000000014
170.85,124.60390929070532,57.51197891235351,18.143411738345264,63.17850000000002
191.2,104.01548467719401,56.56404361724854,16.637008225146612,65.58350000000002
154.45,126.0766162216243,59.394731521606445,20.271517416108367,68.10000000000002
182.7,165.37711290769414,57.14352855682373,15.712867078301201,70.80500000000002
183.35,88.38091899332832,52.27850255966187,14.944042723175446,73.32300000000002
196.7,82.638782790241,54.76038227081299,14.752042076142416,75.99450000000002
200.55,124.06639775794082,58.65341701507568,17.19060846208305,78.50600000000003
200.7,106.95454026926826,59.77680568695068,16.044462563380865,81.53600000000002
230.25,63.69819876822098,57.45984039306641,13.35908653118496,84.85350000000003
185.45,117.5318433894675,58.93397760391235,19.586867860515845,87.49900000000004
217.15,72.2293678426398,59.16186790466308,12.14023111870079,90.40600000000002
207.4,100.43190937671467,58.08214282989502,12.49147515179048,93.26050000000001
181.8,127.42246352400471,67.50955333709717,20.712090100714583,95.6775
176.0,112.36219630238071,65.00404510498046,21.11974531739826,98.1515
198.55,100.60682984035584,62.32024307250977,18.74985718839883,100.56349999999999
154.75,124.653150360257,63.26121997833252,20.991347086698482,102.32849999999999
176.1,150.39943308963706,65.34868125915527,12.537614229854496,104.61599999999999
162.75,147.6335702089182,61.94586372375488,15.920117086819422,106.678
188.75,120.74238561586617,62.81816806793213,22.394137447657805,108.88799999999999
215.0,83.52812321859658,62.96835193634033,15.410392291521944,111.097
195.35,99.81049148524576,63.567314338684085,17.12205954189266,113.1325
235.9,62.62326791385552,62.91881618499756,11.802968892545788,115.4885
188.0,100.08154569886341,65.45647716522217,18.4817440274583,117.4725
148.9,160.52574805766733,63.31468162536621,13.145285079577159,119.207
129.3,186.45899789159233,70.35223369598388,20.060422744605088,120.69799999999998
167.8,148.9350264553747,60.27902317047119,15.118994290659247,122.36249999999997
196.6,88.18485369411592,64.36261329650878,15.269974733120998,124.40499999999996
154.95,206.5879384567005,61.35128765106201,12.21999643811792,125.82699999999997
158.85,162.49608092440099,66.71009330749511,26.303542821823793,127.52549999999998
160.65,125.39632958617332,67.91074657440186,15.653396866071908,128.99549999999996
196.2,142.2105925435196,62.43960037231445,12.3020096360344,131.11299999999997
232.25,80.63555112519016,65.52816715240479,10.782693312013889,133.48649999999998
215.05,79.09652663875823,62.19764080047607,9.581969533691815,135.39649999999997
205.0,90.94417026540602,63.47494373321533,8.145619698371798,137.504
239.1,25.21048236453701,63.75244083404541,8.443327049808095,139.86249999999998
201.3,115.27272010324039,65.42799377441406,15.658390832432111,141.68649999999997
193.0,141.00578562224803,59.858137148618695,17.564769172299542,143.24299999999997
218.45,74.61936745912551,64.90133323669434,8.164307890754873,144.9495
238.95,62.151322126767845,67.95411777496338,10.24971775881776,147.34799999999998
255.7,25.60448151562946,67.5146909713745,10.26588210371752,149.4695
237.8,66.58559983407191,67.38170509338379,13.788653855136287,151.50549999999998
221.65,71.74389759488442,66.4297960281372,12.958778636491322,153.62449999999998
200.35,124.41664933431919,62.26065368652344,16.66931743632558,155.094
228.25,76.72978904125691,67.89649562835693,14.167913694854565,157.0245
219.4,83.84471862976977,68.04394588470458,8.793739933757244,158.802
201.45,99.60526037683373,66.211346244812,10.228943864930146,160.2025
227.5,104.19894938353063,69.62598114013672,9.96863076321507,161.9545
254.9,31.31318874649601,68.11098384857178,11.532631965552993,164.07100000000003
215.55,100.52099806822245,69.83560237884521,12.51983471514232,165.31350000000003
228.0,64.07150610635622,65.57271423339844,12.218754248417008,167.26850000000002
228.5,70.54785609782908,65.98964023590088,13.328624063880996,168.94250000000002
195.5,124.40363000288511,70.69104747772217,10.188974685619913,169.96050000000002
227.3,58.882666558611554,68.65547485351563,12.911283297544603,171.3595
206.85,144.3155442625273,71.53477821350097,17.40510653665471,173.0075
216.2,95.81264612719315,70.515456199646,12.048982462886844,174.25549999999998
199.45,102.68935013709527,68.35337753295899,12.040715662284123,175.18400000000003
197.1,148.20679009943825,69.93169748783112,18.969869613295497,175.76
203.9,90.28312192909127,71.0422716140747,12.825257444662176,177.412
164.75,163.57160833296095,68.66442356109619,18.393453052641032,178.56850000000003
222.25,80.77380698429933,72.08278064727783,12.93177437005737,179.45100000000002
240.7,51.089292317213435,70.33894519805908,14.28733038964414,180.57500000000005
230.25,53.123366847962096,71.13308010101318,10.596161423349285,181.71700000000004
222.65,63.05158706629795,69.52435283660888,12.924995306764027,183.23150000000004
181.35,107.11345436154674,72.11790466308594,14.635787368515494,184.44350000000003
172.6,167.99573929434231,71.66995792388916,16.914890709677167,184.75900000000001
203.85,81.15564967199887,75.23531360626221,15.022108965563575,185.955
221.15,68.09689304296683,68.63759603500367,14.576796654515844,187.0115
214.3,96.94767986692071,68.86562118530273,15.968228480875272,187.5955
242.1,63.04125633265886,71.68343572616577,15.110045920894724,188.78999999999996
218.0,134.61875993454922,76.6342945098877,11.254558234748758,189.40049999999997
198.6,144.1404286031325,73.93205909729004,12.916695619112792,189.54899999999995
222.35,84.64867021058897,74.03858604431153,11.085183944424022,191.02899999999994
239.1,72.01454531441621,72.6470573425293,12.111537660872928,192.31249999999991
242.5,37.45945176208255,71.54565334320068,13.776623310175756,193.32999999999993
198.15,134.49761297040493,74.21136798858643,13.767867632801828,194.01999999999992
227.7,41.613636428965265,71.7362735748291,11.273298427295076,194.41549999999992
221.1,116.42069810548475,72.05476951599121,12.65916799769113,195.5574999999999
238.4,65.28996054041097,74.99568367004395,16.030598975282857,196.72549999999993
226.55,69.4114164733879,77.19046993255616,11.910259288927742,197.1734999999999
225.95,70.68497569833129,73.6208339691162,14.244136795665758,197.8959999999999
244.65,47.29223258800429,73.06929683685303,10.540919142061592,198.96349999999993
211.15,123.12136716521458,73.43960723876953,14.874044508384214,199.81099999999992
236.9,53.29550193323813,74.67066478729248,10.609777409695942,200.47199999999992
248.9,41.05439267477643,76.4452169418335,12.923723613852244,201.32949999999994
225.35,76.04795924456592,75.01466274261475,11.841547130977203,202.15699999999993
242.05,41.478561361642946,76.12363758087159,11.435592704118607,203.15899999999993
236.4,44.95424574527211,73.27958278656006,14.563009349820025,204.12999999999997
239.9,54.16631308926434,78.16701431274414,9.810192157345982,204.701
224.3,80.9412392450617,74.16393604278565,11.84219248797577,204.87699999999998
231.4,70.54628939475428,73.50647659301758,13.468689576185092,205.27349999999998
214.2,76.16229209288613,74.41175918579101,13.897188419095938,205.8
240.2,101.5633584983959,73.57309637069702,22.030598545647763,206.8295
241.8,37.29625351581294,73.24786491394043,10.390430798816233,207.028
231.75,76.84425465631253,75.12084503173828,13.566099554497594,207.532
248.35,61.998535636357026,76.32117805480956,11.291158925310597,207.6995
227.4,83.65178451552352,77.01818027496338,13.757380144873142,208.12500000000003
193.3,105.30512058324909,69.13195667266845,15.538890934911137,208.40000000000003
240.85,59.281909018199684,74.91449813842773,14.935687323245105,209.28750000000002
251.35,36.0354722899242,77.31960811614991,13.773173418076533,209.99500000000003
227.95,70.35584365809358,76.12449283599854,8.684721929498338,210.47900000000004
231.5,71.98939980448877,75.42626037597657,15.191788552431374,211.08550000000005
229.55,56.41805888561793,73.77745780944824,14.31405935948559,211.46900000000005
251.55,28.111572818250302,76.4742078781128,11.123070612700786,212.44000000000003
219.2,112.70109512380643,73.92757930755616,14.606727640973286,212.80500000000004
242.1,67.73858420039265,76.95661640167236,10.016549719393849,213.39250000000004
222.55,136.8846902361715,75.98340930938721,12.092138626190406,213.651
216.7,115.95330276043298,80.67140254974365,11.542181137758943,213.81250000000003
245.05,42.29529649101845,75.05825538635254,9.749851309387024,214.25600000000003
201.05,131.3831179574093,67.05911121368408,24.265485256140906,213.96400000000003
205.6,133.12455584309402,77.99537906646728,15.37745106174212,214.16549999999998
215.0,105.21706885742145,77.11308555603027,9.25921698927305,214.14399999999998
243.25,47.447339229929426,76.66805267333984,8.120390598788573,214.50249999999997
246.75,38.966753710526646,77.74975318908692,9.158269072932313,215.15199999999996
237.85,53.986621149669055,77.1112154006958,10.308269237246526,215.77049999999997
248.5,24.130129670077135,73.75636043548585,10.710568249415594,216.26999999999995
230.95,62.20126500659815,77.15485401153565,14.322937510308204,217.03199999999998
214.55,133.83944623473698,72.22290210723877,23.47019967537479,217.41649999999998
223.2,67.61469787273366,75.18078804016113,17.98481775620641,218.021
244.7,32.549719054491334,75.68854675292968,10.428027775416568,218.5805
255.75,25.017625365876924,76.64673671722412,13.124905253251429,218.988
235.7,67.9892406348627,80.43919372558594,11.78598468742083,219.3915
261.55,29.960456394528126,76.0908784866333,14.481241426606696,219.648
233.1,75.99785315527359,77.73611907958984,9.799579810940282,220.099
225.1,72.10365345878989,74.09421863555909,9.550296464675572,220.86099999999996
212.05,83.65938145398376,72.37905025482178,17.444458616582764,221.68849999999995
248.35,33.620599888195116,76.63896083831787,11.259839745372526,222.49399999999994
241.55,71.81956557930435,77.13706760406494,8.867685909830906,222.94349999999994
244.0,60.898535113312604,79.16587028503417,10.463079018037492,223.83399999999995
211.55,112.94268457939185,68.62410011291504,23.982892479037904,224.36099999999996
207.0,93.35670133531137,73.7951560974121,12.472922214514929,224.82449999999994
240.3,46.314826545014036,77.0290548324585,13.467215478323688,225.26549999999992
225.3,73.70717311375503,74.04881572723389,11.84030543740183,225.1959999999999
204.1,119.16724205480031,70.39578328132629,24.064092752339217,225.08649999999992
244.3,32.5594193663475,76.17921104431153,12.537039927914261,225.4794999999999
238.55,78.84059534075203,78.25003089904786,11.380010043252133,225.4739999999999
248.2,36.83190836332283,75.5702600479126,13.823457648678202,225.94299999999993
254.55,30.06917463379889,76.8613208770752,13.514432919067252,226.55849999999992
248.45,22.67731303121667,72.27062091827392,13.169940091322879,226.8584999999999
234.1,63.66019991039597,76.99593906402588,9.276644157007313,226.8099999999999
237.1,43.48853448414821,73.7460256576538,10.074448401879676,226.62399999999988
240.5,49.76100777453007,74.38907966613769,13.223852805347908,226.65099999999987
232.5,70.02217693815221,75.36012916564941,12.975392769672403,226.75949999999986
241.85,45.521857098367704,76.43037929534913,11.777807914917146,227.17449999999985
228.95,86.15254219299504,76.8351276397705,11.92246988620276,227.18149999999986
220.25,111.35286492190396,76.14884510040284,11.14393478079482,227.18999999999986
236.05,45.36341558661793,76.15908927917481,10.06450287919547,227.53599999999983
201.9,157.02829111509274,76.76037940979003,13.854861765565998,227.27999999999986
227.65,67.35786204258096,75.0120038986206,9.304531999174607,227.00749999999985
172.0,120.63647000280156,75.47547817230225,16.534749186867458,226.57199999999986
236.8,59.68390420417075,77.28768386840821,10.692966764208037,226.65999999999985
218.6,129.4727770614348,73.09902305603028,22.263318437973847,226.56099999999984
221.95,117.44448856688356,75.82470264434815,10.319339226652824,226.82549999999983
221.65,99.48248986366237,73.61697368621826,12.145933966954699,226.76899999999986
222.55,68.08236111311683,76.33695487976074,12.007221496315024,226.92599999999987
225.5,78.23614725203501,73.93657493591309,13.779164314152439,227.01899999999986
223.3,80.03426897602249,77.37947978973389,10.356004898511303,227.25749999999985
233.05,53.62587258522062,76.05826377868652,14.04322684533836,227.61699999999985
228.6,76.45115399631598,76.22108268737793,10.599523905371754,227.86399999999983
249.55,43.086785127595434,75.7102840423584,10.758772002717008,228.71199999999982
231.2,55.54002823947883,75.28422698974609,12.363023127621824,228.80149999999983
238.6,48.195217059044566,76.86826496124267,11.996035134344075,228.78049999999982
246.7,17.58617878365071,76.60280799865723,11.71709872439791,228.94499999999982
255.0,19.70840055995359,78.01412563323974,10.731086075854945,229.2684999999998
238.3,33.4697035037895,73.44810218811035,10.20935297597056,229.83799999999982
228.35,70.27560406226182,76.3131778717041,10.17723628491987,230.3954999999998
244.8,41.62944302192607,78.53817119598389,13.806610407125206,230.8049999999998
242.95,49.47351763689763,74.65152359008789,11.627998313990679,231.0229999999998
201.85,76.00503792166467,74.95170993804932,9.976514215561847,230.8984999999998
218.7,69.09650002561254,71.52511672973633,14.172947341036307,230.66449999999983
210.05,118.9778727769425,70.6846788764,20.882859056895622,230.5849999999998
223.25,72.84292762693683,74.13303966522217,14.926090182333498,230.83149999999983
251.05,38.74678254893865,76.27696418762207,11.594198448112977,231.11849999999984
231.55,60.75531165862655,76.10092697143554,11.976021064871244,231.04299999999984
241.75,40.15479914950195,76.40313682556152,10.405722595013229,231.03549999999984
233.65,53.02062657216777,74.9700117111206,8.689742493668927,231.39049999999986
225.85,79.3110299623212,76.40679416656494,10.332885431206535,231.37199999999982
224.5,68.20055563903922,73.71842155456542,10.163813720738977,231.40599999999984
240.25,50.95392655702745,73.92732734680176,11.931532525072976,231.42449999999982
239.35,60.60682174561922,76.97712497711181,10.64743799264023,231.5524999999998
232.85,39.69790528743962,71.74098262786865,11.267084920416366,231.6214999999998
248.95,34.11200591241185,74.3320369720459,11.362792045503236,231.66449999999978
216.1,117.89598448587948,70.68186414241791,21.414170908252792,231.71399999999977
243.95,39.10374191274983,75.86678981781006,13.840896392547224,231.78449999999975
242.9,28.36398754536612,74.65517959594726,10.187749055286774,231.72449999999975
243.85,39.243202562589374,74.48525180816651,12.191415880757113,231.90949999999975
242.45,35.54163607287715,75.74693183898925,9.38157670795774,231.91349999999977
255.2,38.14735970721406,77.95320415496826,11.649689505021263,232.10149999999976
229.05,74.03802365925512,73.12030010223388,10.523752260510499,231.99299999999974
232.8,74.97620675219152,75.91978225708007,11.318658835048065,232.07799999999975
215.45,81.35592690213335,73.29226951599121,10.205405652887451,231.91849999999974
240.05,48.13301197832173,73.90911388397217,7.906196321911757,232.1769999999997
242.1,45.03320412411503,76.83589553833008,10.599522334137752,232.19599999999969
211.85,134.42989759878958,71.60744342803955,20.950904801439584,231.8964999999997
202.65,124.99232608023328,70.53403525352478,22.957123217225757,231.6054999999997
238.85,52.427669472481696,75.26701965332032,15.593021417105463,231.5104999999997
259.15,20.512576373378458,80.29280700683594,11.353536784484708,231.8279999999997
236.75,67.5977849216658,76.27866992950439,13.126223467086223,232.2624999999997
228.85,92.74371875453913,77.11434555053711,14.075544499156603,232.1424999999997
231.25,51.91782474560919,76.06618366241455,10.433950415083906,231.94149999999973
255.6,35.1514018586966,76.36784591674805,11.490615689983986,232.2179999999997
246.85,36.38720856796274,76.4917184829712,10.864563259652721,232.37149999999968
213.3,111.6522326361259,83.26778984069824,11.728934723226406,232.2089999999997
231.2,74.22979966222957,77.45145797729492,8.49948311824409,232.0054999999997
241.15,42.756686149961574,75.64044933319092,14.862458051731606,232.2249999999997
253.8,26.704227932551884,77.7636531829834,10.42278569973008,232.34199999999973
230.85,48.70564108688244,76.19873504638672,7.5086467048273144,232.4249999999997
256.65,28.01179262945857,79.29310760498046,9.554929686858028,232.82449999999972
240.65,46.813487710049415,74.24889678955078,14.93209154345724,232.78049999999973
228.7,57.908366816621765,75.36769676208496,12.923559067654644,233.05699999999976
230.8,51.523729842103876,73.32795677185058,13.478057605836844,233.30899999999977
248.05,30.437987000318845,75.81540775299072,11.312023603935687,233.63949999999974
236.9,69.34346248546929,75.4401725769043,11.726334720413506,233.57599999999977
239.55,65.24486267334125,74.99417457580566,10.932228572002796,233.50399999999976
238.05,56.3256275223763,76.49412822723389,14.183366311522324,233.50599999999977
203.45,98.89253869997633,76.41485595703125,14.395202069336325,233.05549999999977
237.0,68.35664985169598,78.44572563171387,14.046872271568752,233.11599999999976
254.75,44.9302090381352,78.20789794921875,10.752771032690573,233.51799999999977
213.35,86.11575746755366,72.24092922210693,14.538639773825409,233.41949999999974
247.7,58.58965240058224,79.40350399017333,12.360725555154966,233.44949999999974
243.1,48.38105327284095,78.45308380126953,10.754291040170568,233.32299999999975
223.45,74.47322019569042,76.25740337371826,14.865690317920029,233.20049999999975
237.0,52.33193651057993,74.78993644714356,10.43960728483717,232.95499999999976
200.6,113.8837819422664,80.10803031921387,12.283481315613264,232.62999999999974
245.7,40.288564395528304,76.04789237976074,15.1586042014421,232.83599999999976
230.55,59.04367250737283,73.66092472076416,14.238247523092264,233.02099999999976
245.05,51.23061892842476,77.24245719909668,10.570986191180872,232.98799999999977
236.9,63.58409268130877,74.22755813598633,11.930519989382976,232.9414999999998
244.1,42.766071155827056,74.99347152709962,10.922732023135696,232.94249999999977
242.75,49.86178264383507,74.24369220733642,14.688559580589052,233.25449999999978
218.75,98.82620310956317,73.34647922515869,11.232320208513164,233.3719999999998
232.45,51.130869242304925,72.59676475524903,12.589313659767724,233.2934999999998
250.65,33.991136615609854,74.50707950592042,12.548336350521057,233.54699999999983
228.05,87.22413656781019,78.06172008514405,14.873552318255197,233.78649999999982
214.35,113.86477436900871,69.29733200073242,25.422805918729892,233.48699999999982
253.7,33.93507733428952,77.0993459701538,12.917283770809657,233.63849999999985
247.95,59.390301352466984,78.37121353149413,10.85741233818559,233.63599999999985
247.95,26.106008584433706,78.13794765472412,10.535244671689792,233.56999999999985
232.7,58.550113488136674,73.0296184539795,14.678886368182289,233.41249999999985
247.35,21.955157648452925,76.20968723297119,11.41878640308324,233.54499999999985
241.6,65.10833077911079,77.01015434265136,14.362976497915245,233.58999999999986
231.2,48.84842291264511,74.7794792175293,11.264048342984156,233.49699999999987
239.25,47.21604878807517,74.08154239654542,13.296889563785735,233.56449999999987
228.8,92.0672523070414,79.13982467651367,13.219467949054474,233.43399999999986
242.85,54.60699299733072,74.90991325378418,13.701275299858876,233.57299999999984
254.0,28.22093288025006,75.22136116027832,10.91276012023666,233.91049999999984
228.2,50.22957820165116,75.30041790008545,10.045417941127047,233.83199999999985
206.7,125.25262892503127,73.72488155364991,11.244209265649255,233.87999999999985
236.45,54.364728309911804,74.55664615631103,13.846967497765933,233.96799999999985
244.75,29.138281927461176,75.96352558135986,11.121853975375553,234.69549999999984
234.1,48.76463343125026,73.10108127593995,15.058329814677686,234.66849999999985
218.0,128.7245120402482,72.6590247631073,21.030101683625563,234.66249999999985
253.85,44.488052801906974,78.09948081970215,10.676132240613867,234.98149999999984
250.55,35.90847283097168,74.75559139251709,8.452056783742538,235.2704999999998
224.35,104.27255530327088,77.38239307403565,13.736762221799054,235.2884999999998
247.5,33.622517517439505,77.27721214294434,14.043844602796726,235.5084999999998
250.5,28.216270035864806,75.94897289276123,10.587488456261024,235.78049999999982
216.25,91.09501979569984,76.51700057983399,11.986889026366546,235.6124999999998
249.0,37.261522414302654,78.54095153808593,12.485277359930809,235.81649999999982
229.15,83.41984807365438,77.63412475585938,11.54617474386747,235.61249999999984
237.55,42.771701170898396,72.97456932067871,9.843168068623172,235.67599999999985
257.2,24.097608529522287,78.46089839935303,12.62399321860407,235.86199999999985
236.65,44.202018291619126,77.67373085021973,9.141809204731743,235.76149999999987
232.85,78.42950237063386,77.37227249145508,13.320205940085973,235.53999999999985
241.05,76.3871544726013,77.240962600708,8.607930482784349,235.56749999999985
242.9,40.303976557106495,78.25059051513672,10.605585502501777,235.71299999999988
197.25,143.29868512270005,75.40839824676513,13.29529146041817,235.2374999999999
230.8,52.86088993017925,74.78303451538086,11.474539623430527,235.11599999999987
216.0,97.21381751474156,76.10506076812744,12.22278010389178,235.25749999999988
240.0,55.749439459065414,76.6869327545166,9.288218189269557,235.47049999999987
244.35,41.57716351936227,72.10593452453614,14.885468321789075,235.81349999999986
229.75,55.40271226497661,72.93124465942383,12.335654270399024,235.8784999999999
242.75,34.11570868305931,77.28354988098144,10.225871205828684,235.7954999999999
237.3,38.64970892516527,74.63805923461913,10.279984564592468,235.8529999999999
248.6,58.98563607487753,78.06303577423095,9.31633537645436,235.92149999999987
230.7,63.335447794804615,76.36840190887452,12.606827791457977,235.89199999999985
246.2,44.652576986988635,77.24516410827637,10.160679881361133,236.09549999999987
242.7,46.378420571822424,76.36964168548585,11.438779323446305,236.2774999999999
250.35,33.902763433399535,76.16084442138671,10.397256965003136,236.3784999999999
238.2,47.033694529056845,74.30978450775146,7.617759380215149,236.3669999999999
253.65,38.133111734112596,79.59228191375732,11.804919950261432,236.57499999999993
248.75,25.794481253901864,76.80431842803955,11.684180312505877,236.57299999999992
230.3,95.78654998429967,78.78072738647461,12.870748805450127,236.71499999999992
240.25,47.86480412248869,79.08006134033204,10.569779255837794,236.6779999999999
231.55,91.25526661081281,73.97700862884521,15.04619411700601,236.5644999999999
244.45,41.348932398869934,76.86454029083252,10.63476103838519,236.57049999999992
226.3,64.28399162270004,75.7852165222168,11.011918208840019,236.4089999999999
234.8,91.53693531201374,77.50545139312744,12.494461767254469,236.2049999999999
207.55,132.1352875295858,72.7570728302002,14.201162740836725,235.9899999999999
228.9,58.99678849421873,75.35895557403565,12.282920492900544,235.9509999999999
237.9,60.36546590298306,76.69929180145263,15.674747195506267,236.17549999999991
204.8,102.3258983526859,76.82486019134521,10.578577481181078,235.82299999999992
224.7,57.501578925690104,74.02456607818604,11.500609330555656,235.64899999999994
237.9,55.79935860789648,73.67933959960938,12.663818262733585,235.90949999999998
232.1,62.300544899196844,75.6794916152954,10.066639946236869,236.20399999999995
209.05,121.76010711316955,73.82725234031678,21.30504986189787,235.90599999999995
236.7,77.19701385007339,77.99755630493163,11.008943786822877,235.68149999999994
205.1,131.60583093785056,69.87981805801391,24.241505524660436,235.36499999999992
241.25,44.083503299509836,76.14876708984374,11.39179478929104,235.48899999999995
231.8,69.4797206308961,78.16927928924561,10.787507843765056,235.49449999999993
231.95,81.52847419928302,74.74952125549316,13.478956893012342,235.25799999999995
230.25,74.21935837700792,78.24438610076905,11.248693086346666,235.09199999999998
222.35,122.20012705652798,75.65245513916015,12.706545488016129,235.18249999999998
226.45,60.930914286505455,75.49338417053222,14.42445896261452,235.13499999999996
199.35,128.21990772435498,73.73851127624512,12.332231799871645,234.71699999999993
253.95,39.06873160820151,75.01129722595215,13.784480064035634,234.71849999999995
233.2,39.91912877437662,74.50707759857178,9.411058838131277,234.74199999999996
237.45,59.260775169450916,77.29147510528564,13.960009999590486,234.54999999999995
229.15,64.95769878604804,76.02940120697022,8.54846601419126,234.43499999999997
213.65,74.93876447508748,76.47167110443115,13.058143297621026,234.28449999999998
217.9,83.51419671308332,75.55512847900391,12.208839785252165,234.1555
225.2,67.35030183967059,73.3512601852417,13.16761410863104,233.92700000000002
230.65,80.07054455455614,73.97940597534179,10.174968829190906,233.86450000000002
237.9,72.17223551302376,73.4404510498047,11.053610185500771,233.84800000000004
216.3,81.8985894101261,72.89991054534912,13.368631349933153,233.63050000000004
223.5,115.83132018949843,72.36787333488465,23.417068731381423,233.83100000000002
238.55,58.234078465592994,75.53038883209229,12.333948158853495,233.84650000000002
254.3,26.817315694391034,77.64438190460206,10.935394551619865,233.842
241.1,65.65371677457256,78.45225524902344,11.960435353155138,234.11950000000002
246.25,32.90156771180876,74.95548400878906,10.34367677402679,234.105
240.0,61.184793432424215,76.91590156555176,11.975099868646163,234.074
246.2,32.44201304676262,76.66469898223878,10.579284627885748,234.3015
230.95,76.7212829869124,77.15793151855469,9.03314613895613,234.241
236.15,65.2697036191089,76.17996807098389,11.237262040853153,234.59650000000005
219.7,64.54790142946065,76.23931980133057,13.239444750188076,234.33650000000006
254.0,21.911304460435364,74.87547626495362,10.07387416563361,234.57100000000005
240.6,66.31932321412025,78.2290153503418,9.527137649852904,234.52650000000006
247.4,49.90664969931889,75.39401302337646,9.275190680092589,234.63150000000005
259.0,22.014349387328448,76.42731456756592,11.088496166457126,234.78050000000007
227.6,80.38093515779788,73.13169364929199,11.60556212795535,234.62900000000005
254.55,28.221818733589423,77.70201244354249,11.993729245691405,234.98700000000005
245.35,42.212837907567014,75.1959077835083,12.232159511765545,235.116
233.05,72.83541287327925,76.06498737335205,12.640791996127179,234.94
241.8,44.572353952221384,74.88966312408448,12.24253319532784,235.0775
217.25,64.78781155677191,72.71374607086182,13.566729647910075,235.1065
222.3,79.16877374850583,75.86813850402832,11.227643125750092,234.7925
226.65,70.58945425934088,78.742822265625,12.437838781243906,234.5795
244.2,55.02879628933048,76.50041179656982,12.683586465054448,234.542
237.4,66.27963091089306,76.13203639984131,9.73404763275017,234.58900000000003
254.15,35.938946767216784,80.04919147491455,9.170795935057235,234.65700000000004
237.9,54.94197896537381,76.64195671081544,11.474803909652389,234.62000000000006
237.1,49.37173706740155,73.75422534942626,12.43459390944107,234.67900000000006
215.05,105.7342622356931,76.01430130004883,9.653028547689589,234.43700000000004
227.8,47.973238153655714,74.86802749633789,8.890672770330871,234.42700000000005
204.55,81.56655338788654,76.88098220825195,14.745152859846609,234.04400000000004
244.0,40.21913658158789,75.42224960327148,12.730903117196094,233.94400000000005
208.35,90.37132463226084,77.31770820617676,9.88410282126928,233.74550000000002
225.2,62.37796507033385,76.86453514099121,13.565233498003586,233.93050000000002
255.3,47.02082405420861,80.02817592620849,12.529428680719478,234.11900000000003
258.95,22.319392087552355,79.67281169891358,11.00215676225749,234.26100000000002
225.2,92.56098985050485,76.07645149230957,11.854100987242736,234.17200000000005
225.7,73.95951951112033,76.1207935333252,13.048431774344465,234.24900000000005
232.6,56.62656992130666,76.46033420562745,10.848978721565224,234.03650000000005
232.75,69.58741189853839,77.97024059295654,13.73121617704079,233.85850000000005
192.1,154.113731073072,73.19757537841797,13.210505248903557,233.53600000000006
249.9,24.012935110718537,78.74842224121093,12.161379767686675,233.56000000000006
201.25,125.28782651831825,72.02695094943047,19.664511705424218,233.06750000000008
249.85,20.504877468543917,76.5745096206665,9.067841845539991,233.40350000000007
249.2,37.69210443636844,77.04591121673585,12.627761534230752,233.40550000000007
237.05,70.3042074057262,75.84264640808105,9.219675101731973,233.48450000000005
241.45,65.35769998529952,78.41892757415772,13.812087101348514,233.52350000000007
230.95,81.52653749417715,76.64004135131836,17.16076997991808,233.26100000000005
219.95,85.13795306813277,77.25066108703614,12.213903912654047,233.09400000000005
260.15,27.629646548970776,78.83886203765869,10.805159957142514,233.36700000000008
237.05,38.44267776422723,76.341752243042,10.949441891271949,233.32700000000008
218.05,77.97535035610865,75.38492069244384,14.30814247526077,233.07850000000005
212.6,80.27085726660573,74.02421207427979,11.600271549711481,233.23200000000006
239.7,50.083193945568944,76.89623222351074,11.556625522890904,233.32100000000005
251.95,24.820354550247664,76.18929748535156,11.57944047389964,233.68050000000005
229.4,96.80278377902373,77.395090675354,10.1449081065929,233.57450000000009
247.05,39.246153012948795,76.06344509124756,12.020866599890127,233.6015000000001
247.1,62.723201448905655,79.13405170440674,13.700096297135612,233.77500000000006
242.3,43.45972121886026,76.60675086975098,10.931065780879091,233.77050000000006
253.1,22.416863952696062,74.1996337890625,14.247949157609758,233.92850000000007
243.65,47.77939987726488,76.90496044158935,11.242854513071997,233.87900000000008
232.7,60.434479527745374,77.25513038635253,8.701174545299816,233.8990000000001
214.15,74.42642074736067,75.0150318145752,14.350156621655326,233.5785000000001
242.45,37.331340015708264,77.36758403778076,9.915211099293392,233.5760000000001
214.1,127.9876227568407,75.5863094329834,11.06080172395804,233.2135000000001
228.45,101.07812247022233,79.07812004089355,16.806008913830617,233.1160000000001
237.4,54.767835355011826,78.3162281036377,12.2737014010996,232.9535000000001
242.55,45.04906681666815,74.68007411956788,12.026328464651828,232.8915000000001
212.5,122.90197206246165,73.55878930091858,23.06551003406987,232.7135000000001
191.15,142.74979030309973,67.76907138824463,24.60029625843254,232.2225000000001
226.3,61.84369090912312,75.08658847808837,10.321006928483113,232.1700000000001
245.8,43.46638144347276,75.58017864227295,13.960551430209552,232.1835000000001
237.75,46.49830217613497,74.8139747619629,11.383955162674837,232.29800000000012
205.85,107.59586912438404,75.7578296661377,11.425198438127035,232.00850000000008
228.4,75.32134666319963,75.17473411560059,15.449988992202488,232.21700000000013
249.05,31.615244490759935,74.43324966430664,11.646096055572581,232.4185000000001
195.35,166.62162461539523,78.15636348724365,12.912453810669778,231.99300000000005
210.65,97.88998927367393,78.10158977508544,13.336664125888989,232.0515000000001
232.8,76.31830848837201,78.097629737854,12.015561956700202,232.13250000000008
265.5,23.03201433245747,76.59495296478272,12.582176968577912,232.40850000000006
217.15,93.50782404641194,76.28298206329346,16.67964780549344,232.2590000000001
241.65,59.762930774325675,77.2207218170166,9.661588345604379,232.58500000000012
206.75,107.70372372979107,78.94631175994873,9.564757644553898,232.2855000000001
247.15,49.68667617655343,77.21231174468994,10.471629420035322,232.70600000000013
207.55,136.65687919595908,77.7862648010254,12.728902447040959,232.3690000000001
241.15,57.699106077176474,76.70610008239746,13.744553070775385,232.46250000000015
264.8,21.605554841290235,78.94545059204101,7.960068772950647,232.79100000000014
228.0,65.50210924687444,74.3419849395752,11.673922025793335,232.76850000000013
245.2,35.86906011710107,73.74557399749756,13.207010557570865,232.99700000000016
235.65,65.59145884704967,75.89244899749755,10.417003433492935,233.08900000000017
206.45,113.53574674732927,73.5017427444458,22.903302489542245,233.1600000000002
233.7,45.40009274277567,71.8737771987915,10.175579514944253,232.95750000000018
235.75,65.96639894274723,76.25001621246338,9.88260835344287,232.98300000000017
248.1,41.176002208746986,75.51620464324951,12.53308622610249,233.08950000000016
230.85,75.59328499835225,76.21247940063476,13.944571200357753,233.10650000000012
236.75,36.85372936923823,75.60419502258301,11.215669444323806,233.33750000000012
244.4,36.20322753858455,76.79451847076416,10.117690680121848,233.6025000000001
248.6,47.61180746964261,77.71854248046876,10.129007036060518,233.8365000000001
251.65,36.421906363586935,75.38649158477783,10.208623228571371,234.0465000000001
244.8,43.07105512375666,75.34368534088135,11.069406584355523,234.11550000000005
236.25,43.60211849029936,73.80469284057617,9.818288732968538,234.31500000000008
246.7,50.03588186176207,77.00047855377197,14.388284755256805,234.54700000000008
234.25,70.18162527553625,76.70809078216553,9.668253423084778,234.50400000000008
234.9,48.26342191284039,73.53312149047852,10.101040584627626,234.31000000000012
230.75,51.86812731898991,74.22128772735596,11.109631985565116,234.20650000000012
232.0,53.20368012597783,74.21294441223145,8.978259445763822,234.06400000000014
239.7,63.37117059955493,76.86962223052979,9.960863534858161,234.06100000000012
231.6,67.91666720482186,77.54489402770996,9.879255955831576,233.9150000000001
231.85,64.49257403192371,74.13649215698243,11.962842141509489,233.9240000000001
242.8,39.23827347454469,73.24427680969238,12.574819850331961,233.99050000000005
227.2,70.17841923494565,74.90235614776611,12.628025046461579,234.06550000000007
238.25,59.70707002128237,78.23330879211426,10.065130294415535,233.90800000000007
208.8,88.8236573513113,74.35061302185059,14.028065583599936,233.59000000000006
237.55,54.884064411409895,77.56368579864503,12.409292154970032,233.49150000000006
229.7,64.56502230513948,78.66910953521729,11.135815177430517,233.19850000000005
232.4,58.618660581943125,74.44815597534179,13.43036288107339,233.24650000000008
234.75,83.51985266673837,76.01478157043456,11.664669372031499,233.0485000000001
225.1,113.2569969954221,72.25305552482605,21.384690083608415,232.8460000000001
246.25,31.9668825340753,77.53876819610596,10.245244009711847,232.9780000000001
247.95,33.39157630931868,76.97129726409912,13.28819966609453,233.03950000000012
250.9,27.35324478009876,77.23762760162353,11.038182294704857,233.37600000000012
206.9,131.3544421543642,69.67234754562378,24.14817692153421,233.22200000000015
236.05,52.26498777736795,73.06003704071045,11.02794066240778,233.31600000000014
243.8,36.923248987453334,73.89826183319092,11.494101367391577,233.31200000000013
193.2,105.95609815787908,71.55625190734864,20.393946728231057,232.87000000000012
239.25,49.97249243333776,74.86020164489746,12.79972823075085,232.7210000000001
247.85,34.64751073309596,73.0550802230835,10.2748113411039,232.82050000000007
226.1,76.12517392599611,76.43875389099121,15.51919348158971,232.71050000000005
240.65,43.01441007016382,74.23941307067871,11.47962022672866,232.96650000000008
209.0,123.51390290378778,75.31597137451172,10.284112871639122,232.7785000000001
235.5,70.41568306174862,74.5984603881836,11.088717832221183,233.0880000000001
237.8,51.56457372225523,75.39701461791992,12.653703560108541,233.0260000000001
210.6,125.43918635611524,71.10669422149658,25.319323938079165,233.0485000000001
227.6,74.01948534356558,73.77323894500732,12.742199214424657,233.07250000000008
244.85,47.84214724102148,77.5757978439331,13.857732061313783,232.96800000000007
226.2,67.27680448009278,77.4962371826172,11.564841926018845,232.64050000000006
229.25,50.271761457104326,72.0791498184204,12.066843107912138,232.68100000000007
182.25,137.57366447796153,78.04406051635742,8.372627833104053,232.24650000000005
239.5,63.229323643552064,75.3401496887207,15.081651173455544,232.31550000000007
247.05,32.30198788081984,74.88599224090576,11.169017915648787,232.45850000000007
227.0,86.13453369431359,76.06312465667725,12.508800618713355,232.80750000000006
223.05,72.27322063567274,77.87054862976075,15.504588191486112,232.53900000000004
256.3,44.00849200348783,76.02804450988769,10.369688257336172,233.08950000000004
201.15,105.86947027751722,75.44147930145263,14.971835601578093,232.60250000000008
226.6,78.6246245075127,74.5051097869873,15.872828915622515,232.37650000000005
246.8,64.66643154234701,79.2027214050293,11.052777674689429,232.47400000000005
241.6,49.78628008006349,74.63826389312744,13.602706851985232,232.47550000000004
244.0,33.197970768676434,76.64035987854004,12.109702797642168,232.60600000000002
240.75,54.106011923960814,78.47458114624024,10.321515743223369,232.81400000000002
207.85,109.49226120214112,77.4021827697754,10.49091288364049,232.291
253.8,27.922072008773956,74.39239654541015,10.899920358164627,232.4585
233.35,75.28771130592436,76.14693431854248,10.802513688237502,232.61149999999998
245.7,41.47174053687517,79.74689083099365,11.697512666250026,232.9425
248.25,45.65646895999226,75.1211950302124,13.547715837347425,233.028
249.5,38.87293741355153,76.82713012695312,11.512381405887107,233.00349999999997
198.5,125.39096752494616,68.91382269859314,22.710062957098728,232.69449999999998
236.05,61.15766939898699,76.22642784118652,15.002024906395631,232.58449999999996
244.8,53.70347435589933,78.88803443908691,11.417530935172504,232.56149999999997
255.95,26.719744325911975,79.74235572814942,10.734457066351633,232.69799999999998
241.65,55.541615502536274,76.19354057312012,11.185967489644355,232.58350000000002
231.05,73.48646491916583,75.85835056304931,12.318631426092377,232.4575
246.5,25.115522564426378,75.50253543853759,9.269908105232409,232.5955
247.3,41.48569823318317,77.431614112854,10.236476828646564,232.92699999999996
236.15,43.34716041206706,75.37825107574463,12.72772357934119,232.86399999999998
221.95,84.5162550544039,75.06422805786133,12.211457612013488,232.9425
202.8,124.52165315824858,73.0723030090332,12.128767840433353,232.68599999999998
237.55,45.158755052533685,76.36632099151612,9.365231938566295,232.68749999999997
243.6,32.69701418848677,74.76504230499268,12.623331026211508,232.69799999999995
238.05,61.561672115726445,77.35731143951416,12.269818255822415,232.95349999999996
236.6,45.67897132218098,76.38765659332276,9.72417234801389,233.40799999999993
209.6,115.70443288601213,69.77531938552856,24.029394520597165,233.2409999999999
217.5,68.75318174455637,71.0091402053833,16.38339112104773,232.9579999999999
219.65,84.42142095338997,75.72397117614746,11.30276418866023,232.77699999999993
237.25,52.371019507075914,73.30628967285156,13.407549862362961,233.09099999999995
239.35,33.233266465997595,74.86118049621582,12.98986748908544,233.20049999999992
238.65,44.234155652796055,74.71835155487061,9.998120941100233,233.09649999999993
242.45,43.098998645102256,72.20157451629639,10.619802836597334,233.56749999999997
250.25,32.689729595893446,75.34098224639892,13.293962538321658,233.96349999999995
201.0,143.90530512147654,76.38114528656006,10.300279386539788,233.64549999999997
246.4,37.70020242860633,77.09815273284912,11.851148491770337,233.45449999999997
257.5,19.513827755830235,77.72587661743164,9.807785760181122,233.85799999999995
217.2,80.81336523125367,76.58996620178223,13.084257716690251,233.61349999999996
250.9,36.89373074684983,78.43930034637451,11.584275898519468,234.05499999999995
240.65,48.70023776014586,77.68329582214355,10.544034339793658,233.98999999999995
236.9,49.11415274643349,74.98073520660401,12.295112587640912,234.28349999999998
230.25,59.15178958008215,73.8091480255127,14.198881945742032,234.17449999999997
205.8,95.59707108484025,74.0041986465454,12.3466526937222,233.58449999999996
230.95,68.99845536028515,72.84017791748047,10.209154086094852,233.61399999999998
225.4,84.1955118193738,77.62984237670898,13.42272134347347,233.416
251.45,43.567823713813084,79.49137687683105,7.0525011869885095,233.57399999999998
215.35,124.65838583061603,73.95470237731934,15.77528945182329,233.66299999999995
236.7,61.801124159423026,74.83101310729981,11.014444999634993,233.69299999999996
222.4,81.18620572486437,76.4732006072998,12.316943457458443,233.55949999999996
241.75,49.46862376135105,75.22272243499756,13.020338598524756,233.49599999999998
245.95,62.7312353994152,79.61257591247559,12.35036262942323,233.64700000000002
208.05,119.5542048392144,76.1633768081665,13.867177129879774,233.36
219.95,74.87707470106905,70.34481468200684,13.334841006834061,233.1155
230.1,73.71417060083103,74.70914611816406,13.723805851429859,232.9305
241.7,66.16574085701673,80.46505947113037,11.42161532819324,232.831
240.8,30.823094554160793,73.8192310333252,10.698369138573469,232.791
253.85,23.150025576887085,75.39656467437744,10.591591645769666,232.96699999999998
221.4,77.23607011180586,77.20991230010986,10.441172539090832,232.71399999999997
255.75,20.573040611440984,74.88642177581787,9.499403653342041,232.92899999999997
244.6,37.30725906505822,73.83394451141358,10.44865185398432,233.02599999999995
229.8,57.35448406275889,74.8599178314209,9.528444386838675,233.01649999999995
230.15,75.38342341865213,75.20540943145753,9.837069564903585,232.99799999999996
229.45,85.39288457970082,73.46893920898438,10.220181466017323,232.89549999999997
239.6,36.06485386370679,74.46768226623536,9.841954033360054,232.97549999999995
241.45,45.57639624560988,75.86146049499511,11.239333004982372,233.0715
237.75,58.390585939137395,75.49695072174072,10.153128673708823,233.021
220.1,61.86989745042669,74.92423629760742,13.121458640557073,232.94999999999996
224.6,80.41497634802009,78.07484951019288,13.260427647014113,232.81349999999995
241.5,35.62154877096314,76.23031082153321,13.066651281006429,233.14049999999995
163.75,198.3829032850096,73.02223854064941,15.6193748242992,232.40249999999997
258.45,16.89121540608422,76.78947162628174,11.59864474695207,232.68999999999997
244.95,43.684846222387954,75.09159336090087,12.091064546502764,232.81549999999996
239.7,57.47411316593346,73.30942134857177,11.914068072549657,232.86499999999995
254.55,24.794895484862668,73.5361988067627,13.991865889699666,233.15949999999998
258.35,28.812049745311697,75.61478443145752,10.62768010022533,233.28049999999996
230.6,78.86390676015033,72.54449691772462,13.946902530759829,233.10699999999994
232.05,57.273558701339574,74.29218215942383,12.221742852093625,232.9184999999999
262.2,15.347209586933488,80.34890842437744,9.438137068041762,233.4714999999999
232.7,87.6332669349044,75.44009227752686,14.759200694600233,233.43799999999993
244.05,63.42129395018513,76.29129066467286,9.232394037067198,233.44049999999993
215.2,89.45719352676011,77.62100391387939,13.523347110938568,233.66049999999993
244.8,46.61556098896365,75.90471115112305,13.366593697240233,233.71599999999992
243.85,54.50473180810712,77.10279922485351,10.490004663186156,233.6759999999999
216.95,79.32244323014767,78.49741840362549,10.835375079157886,233.58449999999993
260.05,28.23300606699448,77.77903690338135,11.107496301535235,233.77849999999992
255.85,25.035290880548683,80.05089530944824,11.693358885827086,234.2469999999999
241.4,67.27743032829767,76.53406715393066,10.868757767702007,234.30599999999993
248.1,45.002806930001015,73.99296493530274,11.434276994910112,234.4089999999999
240.6,53.16449151355382,76.87475185394287,12.229151351386461,234.70899999999992
236.35,37.89219472467426,71.8944803237915,13.051439331025382,234.7964999999999
221.6,77.54346828511225,72.31758079528808,11.161904582175465,234.5639999999999
226.15,115.09002197364781,73.10793550014496,22.473090922246126,234.56349999999992
241.25,54.40092394726205,76.95065498352051,10.037530303565886,234.68349999999992
239.6,43.008444703214664,72.68113136291504,12.852592496725132,235.2569999999999
238.25,50.804967639415985,77.12817649841308,11.501297656224825,235.2444999999999
214.8,79.31257284016397,72.7298137664795,11.348437912538579,234.9219999999999
227.95,92.94280924027251,76.5308443069458,12.469161984311757,234.93149999999991
217.1,72.53376709106631,74.34445075988769,12.88453463646894,234.8719999999999
234.25,64.88765595039509,79.26829261779785,9.34233363323004,234.6514999999999
251.2,47.64186571095902,78.14866333007812,10.620500576686451,235.1519999999999
236.55,61.565091783540694,78.88005599975585,12.607654075627515,235.2514999999999
237.2,57.92608720557058,77.41335220336914,9.214872448422145,235.15549999999993
211.6,79.93444682659462,77.77340469360351,12.715100149846904,234.85549999999992
231.3,67.814064679984,75.70774173736572,10.885858891568867,234.7284999999999
222.45,84.34607593904882,78.41322593688965,10.624795229153149,234.54549999999992
244.3,39.7175554449958,73.17643661499024,11.955083730057202,234.90999999999994
240.65,64.04872733852103,80.34713478088379,10.43288275017805,234.77849999999995
216.7,115.50169741290887,78.61781406402588,15.316176729442951,234.61199999999997
245.7,45.94859828341367,76.18106060028076,12.666368860069278,234.61199999999997
230.9,71.05587127117128,77.06377620697022,12.069437678424686,234.43849999999998
214.9,75.40689623635228,74.42075214385986,9.696977143581538,234.0925
233.75,67.32081479945974,75.62661552429199,11.342064453693395,234.445
238.3,42.10275650433304,75.68754940032959,11.639555533946046,234.4675
248.55,40.120181297801004,75.78201694488526,13.375672933034977,234.505
245.9,41.168332234223044,75.92966594696045,15.046086326956617,234.4045
243.45,42.18440095829887,76.62298164367675,9.231840848703252,234.4225
242.95,44.6323873437216,74.26895446777344,13.740252732770541,234.5415
221.9,80.54805692059996,76.08736801147461,13.272056292949184,234.29550000000003
245.35,66.01217989687088,78.94527091979981,13.308065567006075,234.276
237.4,45.27971545382045,75.5242733001709,11.581070086205667,234.28850000000003
229.1,52.9924522927558,75.3848430633545,10.536943639926276,234.36
244.45,39.3251961550299,76.38460998535156,11.638775402958743,234.77650000000003
232.65,83.92432368070153,77.29064750671387,12.42205845747824,234.72750000000005
209.15,170.78989092480055,71.33149399757386,22.963498882110454,234.38300000000007
256.45,30.529493936192257,76.89293518066407,12.445683061860477,234.5670000000001
244.15,40.038501207554816,76.72580337524414,12.640977222982269,234.6425000000001
249.85,38.92134443504719,74.71979351043701,12.435283208293988,235.0450000000001
204.5,132.53380899346323,73.24565131664276,22.81203641903954,234.9150000000001
248.65,39.38243664109007,77.31550788879395,9.557602476171986,235.2050000000001
234.15,49.39345258123527,74.7775333404541,11.184464881992538,235.17400000000012
240.3,45.96348665259368,76.87084007263184,11.557612007670821,235.18350000000012
195.3,139.48291727135017,79.91054973602294,18.655624180071428,234.7500000000001
218.05,76.35821053291829,75.81792812347412,12.502515626596173,234.50600000000009
239.35,47.09260194441093,75.36241149902344,10.781691321905269,234.39700000000008
246.85,37.435242331539044,76.13292808532715,11.1738087569314,234.85550000000006
244.95,36.39039057657652,74.54666690826416,13.094236019823537,234.84100000000007
214.8,128.70185865422704,74.65850219726562,13.555517529506,234.41400000000004
210.95,82.28670993288617,75.90460987091065,10.48678675505731,234.35150000000004
215.35,114.16021751537572,72.76635551452637,14.91797934308438,233.996
223.15,75.70043106322377,78.78422737121582,14.163642709246394,233.82100000000003
223.7,75.7239446243636,76.1266580581665,10.008003855566797,233.68900000000002
259.55,28.368765255210935,79.00957221984864,11.204964578752945,233.982
229.15,83.7460289710566,77.46274738311767,10.025283522068216,234.21550000000002
237.25,51.099361413251586,73.04124240875244,15.51658868098094,234.2785
218.2,151.85852141488732,78.47834510803223,13.450076355503567,234.2065
246.1,42.63294994546626,76.24311332702636,8.453594727605386,234.153
208.6,80.69005025730443,75.52961120605468,11.527133565326086,234.0855
238.7,34.40639475446389,75.79449348449707,10.10961606111827,234.1055
237.7,68.44598331223642,75.2474407196045,13.077444352051941,234.2585
211.7,76.49499467629444,77.49829196929932,14.57525548990063,233.958
221.45,73.56663645974308,72.67812919616699,12.060992689079436,233.713
253.3,43.283763821164115,78.38257751464843,12.968551056922745,234.16549999999998
239.1,59.14825263246316,74.12579078674317,10.802422492364139,234.35699999999997
260.6,22.986036951524333,78.78137397766113,8.598459894861092,234.66199999999998
199.9,96.96928433923374,74.93470821380615,14.648812046902956,234.24399999999997
223.1,80.89167545486208,77.09271755218506,11.052223179304514,234.06699999999998
206.15,87.25418101880939,75.02654457092285,11.11427647176219,233.59
222.9,71.34785062966988,77.22564239501953,10.664523221608677,233.605
211.95,116.71218535579871,73.0501314163208,22.15365927478982,233.167
239.75,33.390630579944364,74.05763454437256,9.661316179532966,233.1185
239.45,54.04819973631724,79.3923490524292,14.049595263030403,233.21500000000003
222.85,94.9771579187111,80.56603546142578,12.580232519459168,233.142
241.25,57.33362658023741,77.81874389648438,11.944113708678163,233.26
232.1,103.62477858525008,74.97649173736572,12.934400433521036,233.185
222.2,81.16429082584999,75.96278114318848,12.508660340851106,232.9925
226.2,78.7892592199029,76.44671630859375,7.898087163476666,232.877
240.1,47.07653343227388,75.920751953125,11.226626137242572,233.077
208.45,125.8836032966461,80.79592399597168,12.915681842449887,232.91550000000004
237.85,62.27551263284961,77.89803295135498,12.027126323053542,232.87900000000002
235.95,57.948684195588086,77.3202600479126,12.10002931228707,233.60100000000003
250.1,27.586991595010097,74.97773208618165,11.577299870982827,233.5175
208.65,132.93578782333418,72.48099298477173,25.80128347167497,233.1545
247.3,24.967557897568216,75.66332950592042,9.885957727356756,233.2305
228.25,91.34945913474544,73.60856113433837,13.315195588806871,232.9675
247.55,33.66471680995902,76.75708198547363,11.042171619536093,232.8595
232.0,98.27191064110147,74.64681811332703,23.114738033605303,232.87350000000004
247.5,50.61984216740143,75.1513319015503,10.673645428792579,233.02800000000002
208.4,117.58732477341434,79.65704078674317,12.554039416010298,232.49000000000004
222.5,89.18313505897495,73.916255569458,13.606083779748161,232.38800000000003
248.9,32.25539530552663,77.06540641784667,8.756914353452563,232.43650000000005
213.2,129.44927882948474,75.98936328887939,12.15488141329719,232.41650000000004
197.55,157.81183832586663,77.98718032836913,17.102148776858655,231.94400000000005
236.45,41.921574649011355,74.46741428375245,10.018225758219343,231.87000000000006
248.75,49.06802474760502,79.27590160369873,12.852080087457464,232.18800000000007
223.4,81.85699982929151,77.04226837158203,9.487150538494818,231.8215000000001
217.8,131.74640712168846,74.91603507995606,12.645123802968362,231.4410000000001
226.0,66.10677168912346,75.5906494140625,13.359942399890329,231.2870000000001
232.0,74.07251070474973,76.18399639129639,11.730309771348804,231.1260000000001
237.6,65.07598797195719,77.52244930267334,10.85780103720931,231.0960000000001
201.75,140.75431189057574,74.06053619384765,12.675040854770327,230.7500000000001
238.1,47.774580336364956,73.18119983673095,13.196664698169347,230.9150000000001
245.5,46.397028035492916,76.88076934814453,11.994056516906657,231.1085000000001
218.0,84.98544767070109,75.99348411560058,9.984559855617059,230.8760000000001
220.9,126.9288652832966,74.09943256378173,22.803204799484224,230.68900000000014
236.45,33.10028621278706,73.5367301940918,12.365536455837876,230.67100000000013
243.4,57.79856126419175,77.36214466094971,13.818313491270292,230.95700000000016
241.15,42.756686149961574,75.76572875976562,13.255187324546998,231.08900000000017
216.4,103.41149279507215,70.83976573944092,22.84839074586082,231.0820000000002
235.15,71.16716791803425,77.70644836425781,11.99391392766181,231.0910000000002
189.35,121.96603280378818,77.59650173187256,11.460621133392795,230.4725000000002
227.35,77.52301865286614,80.68020248413086,12.01610853867823,230.38050000000018
247.1,49.15485733882259,77.04531288146973,11.241642272554277,230.47950000000014
251.8,19.27256025927454,77.69845943450927,11.594402857682228,230.88150000000016
226.15,57.46053565617655,75.12318668365478,11.383852837281259,230.83000000000018
203.4,144.8001890083093,69.41389760971069,23.02390485314793,230.6395000000002
257.3,27.847517133962153,79.4036937713623,10.820576652164942,230.7695000000002
235.2,70.00571405249717,77.64598369598389,12.84495058577338,230.71500000000017
255.2,43.90132476121278,80.66227436065674,10.807609110286451,231.1000000000002
221.15,69.05929946144303,76.0159538269043,11.849903477988018,230.8545000000002
239.45,61.883145396873026,76.1518362045288,12.076756318021477,230.94000000000017
239.5,60.118742151634684,76.78916835784912,11.936470141835926,231.18600000000018
247.15,23.47961041548939,76.23934326171874,12.933294825449021,231.3200000000002
233.7,53.682399350252595,76.59118270874023,13.07699102479071,231.2740000000002
232.95,68.3131142530288,76.97140693664551,14.555609825890436,231.11800000000022
218.4,96.413801152281,75.20256843566895,14.060817925457226,230.84300000000022
219.4,79.63297386331739,81.29318122863769,11.166873149329016,230.60250000000022
219.75,85.76091306956984,75.20503940582276,10.089232923741362,230.37050000000022
236.65,34.368398887717525,74.88298225402832,9.72416906846214,230.5180000000002
224.65,111.4725715614667,73.5864417552948,23.053527541254294,230.31100000000023
242.55,37.6430254950509,75.36728210449219,12.338428528890601,230.3625000000002
225.95,65.77911602676916,73.8551197052002,10.44700962714257,230.33100000000024
225.55,122.89939188749385,76.21546459197998,14.488959620731874,230.14200000000022
228.45,75.15841165235773,75.81812953948975,14.086326252120916,230.10000000000022
235.65,54.8790775969744,77.10357818603515,10.13623556203827,230.3650000000002
238.8,70.11914672072177,80.11998481750489,10.881086040494148,230.1885000000002
235.75,33.75433695331453,77.09359779357911,13.779594022910837,230.1045000000002
246.8,26.650960286836316,77.11953983306884,12.35403786757419,230.07400000000018
236.8,34.79806407198387,75.1182321548462,9.963288952505001,230.3970000000002
231.15,63.758817759626496,75.91401634216308,10.035511358153318,230.22200000000018
261.2,27.109136156615076,80.46545505523682,11.276868333440909,230.49250000000018
225.9,120.26020035520347,77.81583347320557,15.858927574885588,230.3485000000002
233.9,79.26033055696904,78.47579536437988,8.945728902687081,230.73450000000022
211.65,127.93718647918803,74.36321868896485,26.52830976301385,230.67050000000026
235.4,79.08782593121596,76.30870094299317,10.167083707387459,230.63100000000028
205.3,112.30742582187894,72.17927788496017,20.81600824626175,230.21550000000028
228.85,110.1301980671777,77.96862201690674,17.202955785548323,230.05450000000027
248.15,29.613785907740226,77.580486869812,9.398923257108907,230.3880000000003
249.85,29.279550974411443,75.7121150970459,11.35147913811097,230.77700000000027
225.45,80.70444780021013,76.6179780960083,11.37292481954915,230.87800000000027
231.7,48.03956702552595,72.18541622161865,13.056385723533797,230.96350000000027
250.15,43.38842314670924,77.06735935211182,10.276296830993097,231.2280000000003
236.75,57.09168526428161,78.07428970336915,10.96305991492022,231.00000000000028
235.7,63.694253231644396,76.73362255096436,11.16049444166491,231.06550000000027
246.8,31.803012104946415,76.74953804016113,9.855296037410275,231.16100000000029
228.0,56.218558464171544,74.39525356292725,10.750470281984981,231.25900000000027
235.4,39.59452381061646,72.47274742126464,14.147416726061197,231.1520000000003
241.15,44.04217476345528,75.44705696105957,10.896621564913874,231.47750000000033
248.3,51.93528361538547,77.69512939453125,11.453890079118796,231.5735000000003
228.6,74.19206937331467,75.56221008300781,13.86248906685167,231.4825000000003
217.9,77.79994588010565,74.96961345672608,14.327443669842735,231.5445000000003
245.8,35.88373036994841,74.65030937194824,13.410818146890485,231.7880000000003
218.4,72.29355361812588,77.49163990020752,12.010491496067804,231.4390000000003
220.0,97.2165244779865,74.5100118637085,14.134988092730973,231.24800000000033
251.05,44.139104276319316,76.34239292144775,11.540165761050408,231.15250000000032
224.3,76.9087634456363,77.63087043762206,11.857656086867868,231.39650000000032
228.95,69.03201011887624,77.14605293273925,8.121079281562217,231.45500000000033
252.0,21.053815756169637,77.77008972167968,10.189338067448492,231.9135000000003
242.35,34.58821673405707,74.27607688903808,10.071693131130848,232.1080000000003
213.55,86.18735711411384,74.50898666381836,12.177133799779812,232.12400000000028
251.7,33.31208094433767,77.1690481185913,9.278225267854303,232.24350000000027
191.45,142.42430122330728,74.02673740386963,12.28758323704215,231.76350000000028
226.05,73.16274217185453,72.86414279937745,11.115171695943726,231.7955000000003
242.6,46.58822982143384,71.91691398620605,11.931154115572157,231.80900000000028
213.3,89.92458828900675,76.64986553192139,15.225952616559805,231.62100000000027
230.0,65.91302083647413,74.47343883514404,9.518950361218216,231.69900000000027
249.65,37.43243035264025,74.5204252243042,12.732368414029986,231.93350000000027
222.85,93.3123080954772,75.85073070526123,9.6777010827128,231.76100000000028
243.5,41.60022773217018,73.8298532485962,12.161283898146937,232.11150000000026
193.1,88.33900014924563,75.40221500396729,12.817685454101936,231.66400000000027
252.55,43.95868275407811,78.53312606811524,11.335627254963319,231.83000000000027
205.95,124.28552653170505,70.61856651306152,22.705551937960603,231.38850000000028
207.05,140.13657811690632,78.7420539855957,16.375176587157377,231.37250000000026
217.3,96.6551656800172,70.50841326713562,20.99985117245316,231.07250000000025
240.1,45.47052255090799,76.0827714920044,12.470481506846324,231.19100000000023
216.0,75.90506536041202,77.13423690795898,8.983944246490347,230.87550000000024
204.1,122.81303719582527,71.14183581471443,21.526919296220083,230.59650000000022
221.7,55.036925403720886,73.08374786376953,11.451728216279461,230.33850000000024
216.15,108.93661846277982,77.65289535522462,13.248853704090248,230.41600000000025
222.7,120.26553953647738,74.71996856331825,21.161221206740397,230.41800000000023
238.0,58.000907433917746,75.17455539703369,12.970105613590755,230.30900000000022
250.55,26.890567706520205,76.24496726989746,10.890111785804805,230.68250000000023
215.65,118.06923704692134,73.75452766418456,12.389691978306235,230.86350000000024
263.65,28.466554706218055,77.52664604187012,14.330694620599559,231.13550000000023
250.7,35.25262214957992,75.15888748168945,9.58329644255353,231.15500000000026
252.25,24.531129525349492,75.16054458618164,12.025064143929644,231.44350000000023
216.2,99.76319329713792,72.87387237548828,12.065763738213663,231.42750000000026
251.65,36.79713232533782,76.80628299713135,12.014001631003705,231.68400000000028
248.5,37.3666048483768,76.21399440765381,14.274877241178173,231.84900000000027
232.15,57.52278724672144,75.25795192718506,11.198054340771467,231.7945000000003
168.6,179.96005404709007,76.24642536789179,23.24725129810766,231.46300000000028
211.25,83.5645826512896,76.20494155883789,15.281727915675498,231.1945000000003
218.15,89.75890221206913,76.48140659332276,12.045917239669444,230.9210000000003
237.15,46.79662043578069,72.35372161865234,9.162753106516991,231.11250000000032
237.15,68.23587187488936,75.97266731262206,11.917691688634159,231.27500000000032
248.6,41.85111455473658,75.95603618621826,11.57787887026093,231.39650000000032
253.25,55.53270728991491,80.01094150543213,11.964778290320519,231.4950000000003
246.35,31.146977550419173,73.79184837341309,11.793108518151744,231.54700000000025
235.3,53.88105809143535,75.74214973449708,8.240950805334908,231.73600000000025
241.5,38.2725681615986,78.3196632385254,10.459336851944405,231.79950000000022
233.1,36.60442883759172,74.49808807373047,8.460833986390906,232.23700000000022
238.15,76.16344958463723,75.91681270599365,12.100568139857659,232.34500000000025
229.7,56.041432041509765,75.040309715271,11.9276359471739,232.17100000000028
240.8,50.719662957538624,74.52082691192626,8.212947301177657,232.06100000000026
223.85,75.5612508603381,75.47741184234619,10.579498694522346,232.03800000000024
236.4,51.69688985860398,75.19234943389893,11.500890438227126,232.36800000000025
208.95,103.00458599908114,75.5834300994873,11.544267826981867,231.88450000000026
244.95,66.02828341344575,78.55484008789062,8.797119243400736,231.98200000000026
244.25,38.78262633271705,77.03830509185791,11.823049736429484,231.87250000000026
247.55,46.17070727773526,75.75770015716553,9.15185488473666,232.13650000000024
254.25,36.0115113174721,78.24303092956544,11.725453693487855,232.28450000000024
238.2,41.14365078599613,70.54634952545166,13.55265020926033,232.27150000000023
237.15,65.09610304449068,77.90711250305176,10.598847120962164,232.17150000000024
244.85,53.687472811095375,77.37346725463867,10.49371488039188,232.28300000000021
188.45,156.71780706936778,74.44669165611268,23.41485437419971,231.83800000000022
199.05,118.3533847602616,73.92194347381592,14.8476682333083,231.6445000000002
226.9,81.04638048348417,76.56744346618652,7.06515215370515,231.71950000000018
233.5,82.08371849584583,80.77903118133545,12.251185662731238,231.8570000000002
239.15,58.98284764055966,77.04878253936768,11.248364958951614,231.88200000000018
213.9,110.78898862251609,75.37128982543945,9.64516418714593,231.7745000000002
242.5,48.19860229465056,75.5548927307129,10.23126986484192,231.7740000000002
243.3,38.8236227599966,74.26082401275634,12.425157846409093,231.9475000000002
252.55,34.33346533784878,75.86681232452392,10.920317359263038,232.21750000000017
218.55,133.4199839051975,71.76705808639527,22.28068577877333,232.11850000000015
249.35,35.82012812578102,76.34182987213134,11.332262404606205,232.25550000000013
240.95,64.22450343992753,76.95390739440919,10.327522630150128,232.27700000000016
240.8,45.84596636105457,73.51535892486572,13.98767021749983,232.32750000000016
212.55,83.36695988219793,71.89393768310546,9.287266637137645,231.98500000000016
205.25,140.02776980224127,74.57052040100098,13.867337096472333,231.66950000000014
253.75,26.29363541159523,75.61402530670166,12.472695549737582,231.89550000000014
233.45,46.114816662212526,71.22153530120849,12.277147958283942,231.61800000000014
257.7,34.677612981652345,78.95376338958741,10.15806086884017,231.93600000000012
253.2,28.867391911800304,77.0480972290039,13.051607939866098,232.12900000000013
233.45,63.080128658547835,77.11067638397216,11.262014177942747,232.34700000000012
220.6,74.6447022831987,73.5992841720581,11.063426433703173,232.1990000000001
226.65,70.66918855149191,75.38522624969482,12.404540162790298,232.4125000000001
215.95,100.15066281936377,69.497114944458,20.80372011627196,232.28350000000012
216.65,122.09068027710516,73.96685199737549,22.41681046789389,231.96850000000012
250.7,29.46559099409986,74.60503425598145,11.233662777317717,231.97700000000015
214.3,135.6621577767049,70.16936926841736,22.05310765028187,231.86550000000014
239.2,48.629209329373225,75.39710941314698,13.104132115917604,231.94050000000013
248.25,29.201432913652138,77.01171855926513,9.820148513181255,231.92150000000012
248.5,58.21240598468952,76.85866527557373,12.19598051153997,232.03900000000013
246.95,43.92634385207271,75.76582546234131,10.167685314836797,232.1515000000001
246.4,31.479985287229894,76.49521732330322,9.961830336636503,232.14750000000015
235.15,102.8147414169368,79.79027729034424,16.497464058749355,232.21900000000016
221.2,79.17110052219014,75.01871643066406,11.957104168609536,232.07700000000014
246.55,44.67364111560995,75.73420238494873,9.695665428374792,232.13100000000014
216.65,113.3672536957931,69.98190798759461,22.630752746279896,231.81450000000015
243.1,40.048523200316836,76.83179187774658,12.364268027928325,231.95950000000016
235.7,52.66687763670825,74.80065956115723,10.513605002297313,232.13750000000016
237.1,125.90050374047463,72.53122940063477,23.170041192150315,232.05050000000014
234.95,71.79757729382767,75.89310302734376,10.301164006874341,232.21600000000012
222.05,104.3069735772355,78.09836540222167,11.135230346899052,232.23650000000012
251.5,23.275240967716385,76.96927661895752,12.451197125079478,232.24100000000013
224.2,99.99821051030442,77.4272253036499,11.912679134022913,232.24000000000015
227.9,69.37078104762764,76.31909198760987,11.23232600915921,232.22950000000014
233.45,44.96721027593328,73.51709899902343,12.829515116103227,232.04400000000015
230.95,62.02586472381375,75.47623634338379,11.506207421396407,231.93000000000018
231.65,66.31128744116843,74.19761810302734,14.327247032912794,232.11100000000022
239.35,43.350802821437554,74.50153007507325,12.945355876444703,231.98750000000018
232.15,113.8754051353357,77.26563034057617,11.310057957304041,232.3945000000002
183.15,162.53429597602178,76.1208906173706,12.76735837091456,231.96550000000022
244.8,22.686884687900744,76.19863300323486,14.442522786998733,231.9875000000002
238.6,49.899266949578156,75.25398635864258,10.891233743608915,232.24050000000022
258.2,29.747357246617632,81.25713844299317,8.959693525343987,232.5225000000002
252.4,25.866865616887274,75.58012351989746,10.451929245170726,232.5500000000002
221.65,110.00778680572905,77.408837890625,12.269068421183903,232.53800000000024
244.95,41.78576312573458,74.2694133758545,12.504979721132045,232.55250000000026
237.05,57.23954742547921,79.57122688293457,11.096637432383103,232.99200000000027
254.5,23.426256074844964,76.1790433883667,12.789436712612504,233.01150000000027
220.15,66.88503490869121,72.10499153137206,11.19263221333762,233.15350000000026
230.2,54.654512983592525,74.68682880401612,13.560610793763368,233.3850000000003
235.75,63.452323585673774,76.32848949432373,10.650169536935556,233.5695000000003
214.7,90.20508796479743,74.6688419342041,11.235754657654253,233.31550000000033
250.25,41.643695422249124,79.80797386169434,12.227910979734125,233.65800000000033
226.9,118.36958179674725,75.0436077594757,21.197950172761992,233.88600000000034
257.0,36.15754998686487,76.62831134796143,11.54707821138686,234.23900000000035
237.55,54.634166098359714,77.05490474700927,11.843094308547569,234.45300000000032
220.5,93.14872092802088,80.23752841949462,13.59035512935983,234.43100000000032
230.1,53.462136133903215,77.26632881164551,11.601519043972266,234.3520000000003
246.35,37.33669706024384,74.8930820465088,10.288665453277098,234.3100000000003
228.1,51.405406228077645,72.879714012146,10.339268489140041,234.43450000000027
246.7,40.39684719328842,74.66613101959229,9.452570708081211,234.26500000000024
224.15,51.435473116681266,74.47291660308838,8.312589520929246,233.99950000000027
201.5,65.92300133688664,69.50777130126953,14.56604429621297,233.49200000000027
