timestep,epsilon,alpha,error
461.0,0.997697648723321,0.684931506849315,59.952613254363754
497.0,0.9975180788593974,0.6684491978609626,18.434627070192064
640.0,0.9968051065685443,0.6101281269066504,6.574468764787113
663.0,0.9966904802858597,0.601684717208183,2.52772896552284
689.0,0.996560918621208,0.5924170616113744,0.9913249852939003
1062.0,0.9947040599247667,0.485201358563804,0.33092265399427845
1251.0,0.9937645062482794,0.4444444444444444,0.15604841595019536
1283.0,0.9936055162493423,0.43821209465381245,0.08547787902618609
1349.0,0.9932776797053908,0.42589437819420783,0.04667063071190114
1510.0,0.9924784109238955,0.3985651654045437,0.025074535751159033
1735.0,0.9913624977406723,0.365764447695684,0.13583958690823295
1880.0,0.9906440186137601,0.3473428273706148,0.08181515932575678
2168.0,0.9892185142726364,0.3157562361856647,0.10165864650177525
2276.0,0.9886844791422995,0.3053435114503817,0.06726543113568084
2501.0,0.9875728317430424,0.2857142857142857,0.04372253023819894
2614.0,0.9870150092982267,0.2767783005812344,0.030253619041090474
2852.0,0.9858411570831144,0.25967281225655675,0.04362605993422619
2999.0,0.9851168282452861,0.2501250625312656,0.031110029232735315
3054.0,0.984845957686749,0.2467308166790032,0.02301205715266974
3135.0,0.9844471748359032,0.24189646831156264,0.016994632435185508
3234.0,0.9839599928538885,0.2362390739428301,0.012582371380091217
3505.0,0.9826276266146268,0.22202486678507996,0.009031706632285363
3536.0,0.9824753307549945,0.2205071664829107,0.006978412357113939
3893.0,0.9807231721759504,0.20441537203597712,0.0050426589702396996
4201.0,0.9792140170655936,0.1923076923076923,0.0037742362907948745
4366.0,0.9784064966306875,0.1863932898415657,0.002954667739302863
4423.0,0.9781276898139869,0.18443378827001108,0.0023786655629010056
4440.0,0.978044552285903,0.18385732671446958,0.0019338957748118446
4451.0,0.9779907611803179,0.18348623853211007,0.0015751492374960208
4481.0,0.977844073201293,0.18248175182481752,0.0012790901654824438
4722.0,0.9766664777928127,0.17479461632581716,0.0010016297747625913
4789.0,0.9763393485021411,0.17277125086385625,0.0008169824061212694
4904.0,0.9757781133442308,0.1694053870913095,0.0006626650449703675
4936.0,0.9756220009451383,0.16849199663016007,0.000547438368244002
4958.0,0.9755146881590626,0.16786973308712438,0.0004535182721667752
5020.0,0.9752123247185769,0.1661405549094534,0.0003734989325607785
5078.0,0.9749295534412948,0.1645548790521639,0.00030847311873571925
5169.0,0.974486060288086,0.1621271076523995,0.00025391018544951294
5190.0,0.9743837443676449,0.16157699143641946,0.0002120225946669052
5248.0,0.9741012133444265,0.1600768368817032,0.00017611417379725935
5438.0,0.9731762543044524,0.15535187199005748,0.00014355617055628045
5542.0,0.9726703329383617,0.15288182235132242,0.00011932654018664834
5860.0,0.9711250121013004,0.1457938474996355,0.010050193722776157
5914.0,0.9708628430870174,0.14465499783017502,0.008517877191053458
6018.0,0.9703581243850471,0.14251104460595695,0.007177740890796258
6236.0,0.9693010076199667,0.138217000691085,0.005969380364888366
6366.0,0.9686711651113928,0.13577732518669383,0.005053508021049424
6396.0,0.9685258749704326,0.1352265043948614,0.004349638749687301
6662.0,0.9672385885737064,0.13053126223730585,0.003630849732971342
6775.0,0.9666922517599992,0.12863390789812196,0.003111022648738526
6825.0,0.9664506082996397,0.1278118609406953,0.0026935157748653182
6855.0,0.9663056512180535,0.12732365673542145,0.0023402790485960168
6894.0,0.966117239515773,0.12669453946534906,0.002032214949849731
6917.0,0.9660061421437054,0.12632642748863063,0.0017695878788828168
7207.0,0.9646064447641804,0.12186205215695833,0.00419826491148001
7570.0,0.9628572675524784,0.11669973159061735,0.0035304816142058826
8161.0,0.9600162169438318,0.1091703056768559,0.002917272416809169
8438.0,0.9586875115025043,0.1059658789869662,0.0025225117008744746
8449.0,0.9586347850075468,0.10584250635055038,0.0022525858615836114
8458.0,0.9585916473049824,0.10574177857671566,0.002012249694260504
8813.0,0.9568916520731194,0.10191602119853242,0.0017343656404875674
8832.0,0.9568007514567679,0.10171905197843556,0.0015545956692051277
9055.0,0.9557345104930837,0.09946290033817386,0.0013654897906008046
9103.0,0.9555051611602111,0.09899029895070283,0.0012238313763646147
9193.0,0.9550752794936099,0.09811616954474098,0.0010929467413376415
9251.0,0.9547983471273573,0.0975609756097561,0.0009801333118417688
9293.0,0.9545978600251235,0.0971628449280995,0.0008809010041375132
9302.0,0.9545549039805502,0.09707795359673818,0.0007946152927331696
9321.0,0.9544642253452781,0.09689922480620154,0.000716154732330665
9379.0,0.9541874701594792,0.09635767970707265,0.0006431453175395063
9399.0,0.954092055944717,0.09617234083477592,0.0005800554710333472
9745.0,0.9524428994966687,0.09307520476545049,0.0005073865708169478
10443.0,0.9491246591791989,0.08739730816290858,0.0016486363762169276
10565.0,0.9485458682393008,0.08647526807333103,0.0014886770183721865
10773.0,0.9475598908684818,0.08494733265375468,0.002366149021753472
10838.0,0.9472519831718883,0.08448086508405846,0.0021532615749180195
10964.0,0.9466554008741845,0.08359107247345984,0.0019505889565749612
10993.0,0.9465181454491766,0.08338892595063375,0.0017832143704907821
11096.0,0.9460308128848406,0.0826787928896238,0.0016205946556766548
11191.0,0.9455815538330403,0.08203445447087777,0.0014750203203277579
11693.0,0.9432111143528499,0.0787897888433659,0.0013004630778681303
11736.0,0.9430083452547988,0.07852375343541422,0.001193954794388219
11919.0,0.942145885098428,0.07741136398823348,0.0025948344618740293
12062.0,0.9414724898745694,0.07656381594058648,0.0023677541625204412
12223.0,0.9407149075940375,0.07563152321887763,0.0021598459351110932
12385.0,0.9399532351336897,0.07471607890017931,0.0019723279302894525
12580.0,0.9390372250668747,0.07364312541424257,0.0017987561004986219
12693.0,0.9385068175629185,0.07303534910896874,0.002246510677309743
12744.0,0.9382675282369003,0.07276431637924761,0.0020747081071448292
12859.0,0.9377281781377977,0.07216048491845865,0.0019077792906188051
12870.0,0.9376766043773567,0.07210325185665874,0.0017687090719391563
13166.0,0.9362898659755642,0.0705965407695023,0.0021258655945501914
13291.0,0.9357048661783045,0.06997900629811057,0.0019585038874936345
13711.0,0.9337419428428826,0.06798096532970768,0.0017694436889712506
13718.0,0.9337092623650932,0.06794863083508867,0.0016483707940295744
13768.0,0.933475863642059,0.06771856165775039,0.00153116422981725
13793.0,0.9333591861599037,0.06760411032990805,0.0014250634094139514
13816.0,0.9332518557567848,0.06749915626054674,0.0013266604483703759
14014.0,0.9323283913012465,0.06660893891960301,0.0012207962495267566
14135.0,0.9317645018085517,0.06607638430025109,0.0015452100281692083
14511.0,0.930014425756893,0.06447453255963895,0.0014081236968479516
14612.0,0.9295448858668334,0.06405739542630197,0.001308812686019678
14720.0,0.9290430658775022,0.06361727845282779,0.0012165571700109012
14724.0,0.9290244851555406,0.06360109393881574,0.0011388733056918454
14759.0,0.9288619196891166,0.0634598299276558,0.0010640710546852006
15016.0,0.9276690956937984,0.062441461130190445,0.000980553270366613
15018.0,0.9276598190260331,0.06243366423175376,0.0009192112976563749
15667.0,0.924654434273804,0.06000240009600384,0.0011593940991474483
15693.0,0.9245342367098646,0.05990893841361131,0.0010881301196405957
15818.0,0.92395658190371,0.059463637985371944,0.0010153379221975456
15890.0,0.9236240165681614,0.05921013677541595,0.0009508911075499782
15992.0,0.923153087239571,0.05885468777588135,0.0008892183395801112
16083.0,0.9227331470786546,0.058541154431565386,0.0008324253874292253
16202.0,0.9221842827872963,0.058136154874716586,0.001059373010164677
16307.0,0.9217002618953781,0.05778342771293193,0.0009917313150253904
16419.0,0.9211842529546778,0.05741187277528993,0.0011882437193833084
16631.0,0.9202083125464839,0.05672149744753262,0.001572134996209229
16951.0,0.9187371528101331,0.05571030640668524,0.0014565239547010833
17015.0,0.9184432032207999,0.05551237926057511,0.0013704941174808027
17303.0,0.9171215934915065,0.054638837285542564,0.00127404583733437
17472.0,0.9163469511408795,0.05413892046992583,0.0011934135172708693
17626.0,0.9156416338072237,0.053691275167785234,0.0011194699361141147
18225.0,0.9129033828459875,0.05201831044527674,0.0012095387804720303
18432.0,0.9119590142788492,0.05146415521589213,0.0011344055753852444
18697.0,0.91075146574362,0.05077173030056864,0.0013761422280396118
18716.0,0.910664948247726,0.0507227998985544,0.0013050142072330573
18775.0,0.9103963410379838,0.050571457469404266,0.0012351239449941431
18855.0,0.9100322544135285,0.05036768409388537,0.0013096908036089872
19123.0,0.9088136248102128,0.04969684921975947,0.0012271598454987043
19173.0,0.9085864492341995,0.049573666468371996,0.0011632832919730163
19223.0,0.9083593304451237,0.049451092869152405,0.0011028813803619641
19495.0,0.907124798341491,0.04879476920074168,0.001034428900823059
20054.0,0.9045929181512345,0.04749916876454662,0.0009578281951547751
20425.0,0.9029164495022821,0.04667662434652726,0.0011254559214677329
20454.0,0.902785535781293,0.046613527245606676,0.0010714730685776885
20620.0,0.9020365327933197,0.04625560849252972,0.0010136841977725908
21015.0,0.9002567642915315,0.045425638230217134,0.0009494482817160588
21488.0,0.8981301674194867,0.044470138302130126,0.0008872551337191226
21564.0,0.8977889419397479,0.04432034747152418,0.0008449430952595094
21918.0,0.8962012570589136,0.043635728934851854,0.0009753500961977579
22171.0,0.895068276397627,0.04315925766076823,0.0010046913702268512
22239.0,0.8947640041521815,0.043032963249849385,0.0009585165538368301
22322.0,0.8943927532022279,0.04287980789846061,0.000991663515435448
22553.0,0.8933603233342187,0.042459239130434784,0.0009398319177904568
22609.0,0.8931102168349608,0.04235852253473399,0.0008977926724043073
22736.0,0.8925432704544265,0.04213187276174426,0.0008551631235604873
22748.0,0.8924897193308706,0.042110582389354445,0.0008187195693807325
22975.0,0.891477315616204,0.041711854509051474,0.0008473095292487187
23078.0,0.8910183218522125,0.04153341363126635,0.0008751875531629594
23091.0,0.8909604073987455,0.04151100041511,0.0008383853534326136
23110.0,0.8908757699687899,0.041478286117217635,0.0008029498449104722
23140.0,0.8907421482911156,0.04142673681594101,0.0007686883452464599
23203.0,0.8904616080004663,0.04131889926452359,0.0007349260234974508
23210.0,0.8904304423116745,0.04130695196001487,0.0007043559666755073
23342.0,0.8898429506445903,0.04108294646892075,0.000734406785312558
23961.0,0.887093137368882,0.04006410256410256,0.0006867703836519468
24018.0,0.8868403512165018,0.03997281848343127,0.0006577534633436244
24375.0,0.8852587492352768,0.03941042011507843,0.0007318030176719503
24413.0,0.88509056563041,0.03935148748622698,0.000701911173962344
24444.0,0.8849533868814169,0.039303541249066536,0.000673468363757479
24866.0,0.8830880991424664,0.038662284941040015,0.0006364425754981085
25228.0,0.8814911513643544,0.0381286460517787,0.0006033913386858103
25257.0,0.8813633440941385,0.038086532602071906,0.0005797438033567914
25448.0,0.8805220417830606,0.03781147200060499,0.000553635932149632
25519.0,0.8802095111543675,0.03771023455765895,0.0005312758716939925
25678.0,0.8795100209284744,0.03748547437867826,0.0005081942382503257
25767.0,0.8791187250607062,0.03736083090487933,0.0004875178754986109
25774.0,0.8790879563668627,0.037351062637732045,0.0004691810996177992
25878.0,0.8786309483194183,0.037206533467276856,0.00044990901069752454
26083.0,0.8777308107463552,0.03692489476404992,0.00042989053503106334
26086.0,0.8777176448500236,0.036920804873546244,0.00041397101475126874
26246.0,0.877015749774865,0.036703982382088454,0.00039634552834399983
26287.0,0.8768359795238141,0.03664883090229421,0.0003812243784864222
26396.0,0.8763582329183783,0.036503011498448625,0.0003657917142874112
26415.0,0.8762749826325759,0.036477712117895966,0.00035219494779425986
27115.0,0.873213373480729,0.0355694671693818,0.00033089839051569925
27140.0,0.8731042283578926,0.03553786559579232,0.00031884498243073267
27148.0,0.8730693047999248,0.0355277649483071,0.0003074265100337925
27307.0,0.8723754887964665,0.03532819896841659,0.0002948388139571989
27342.0,0.8722228360617983,0.03528457005751385,0.0002840714390544008
27370.0,0.8721007331068974,0.03524974443935282,0.0002737776169396966
27558.0,0.87128134154366,0.035017683930384846,0.0002623881919703308
27888.0,0.8698449091216589,0.03461764807698965,0.00032796101800158795
28122.0,0.8688277831698735,0.03433948010027128,0.00035025769798835427
28150.0,0.8687061554902955,0.03430649421935572,0.00033790513312226267
28157.0,0.8686757512309201,0.03429825764851146,0.00032623444890589326
28235.0,0.8683370328955102,0.034206745570226446,0.0003142045954405148
28342.0,0.8678725956698494,0.03408200129511605,0.00030235004082612704
28670.0,0.8664504475377887,0.03370521419663622,0.00028881669442171187
29200.0,0.8641573877652635,0.033113679260902674,0.0003064983286833467
29323.0,0.8636260930334224,0.03297935492381769,0.0002951469131033946
29451.0,0.8630735477858525,0.03284072249589491,0.0002842133919926937
30177.0,0.8599462624460434,0.03207595586348473,0.00032672834143454565
30325.0,0.8593101360173189,0.031924403013663644,0.00031475400430736045
30644.0,0.8579406254016375,0.031602566128369626,0.000328468465596643
30671.0,0.8578248109453228,0.031575623618566466,0.0003178168358459743
30753.0,0.8574731739842433,0.03149407911312673,0.00030698672068751875
30769.0,0.8574045787026837,0.03147821707378494,0.00029716871173945947
30774.0,0.8573831438025661,0.031473263462688444,0.0002877690782412401
30777.0,0.8573702831197125,0.03147029204431017,0.0002786857327805592
30849.0,0.8570616845973574,0.031399145943230344,0.0002947203853125302
30937.0,0.8566846594651804,0.031312625250501,0.00028467981105961826
30985.0,0.8564790793035628,0.0312656328164082,0.00027535188328897675
31012.0,0.856363462143147,0.031239261503858053,0.00026651784547482293
31204.0,0.8555417456522157,0.031053007483774802,0.00028082827245157205
31255.0,0.8553236097752389,0.031003906492218014,0.000271677453497432
31529.0,0.8541526158163681,0.030742744712247912,0.00026103686460032804
31628.0,0.8537299138421506,0.030649462101940115,0.00025224416179980835
31783.0,0.8530685278256375,0.03050454517723141,0.00024335690639532004
32152.0,0.85149606350502,0.030165002564025215,0.00023330726672554647
32237.0,0.8511342536635406,0.030087856541100015,0.00022569087532531285
32296.0,0.8508832054625175,0.03003453972067878,0.0002185124210001277
32535.0,0.8498670047923097,0.029820480706148983,0.0002320062733076611
32647.0,0.849391211314746,0.02972121500326933,0.00022433846804403856
32829.0,0.8486186149656073,0.029561310157266166,0.00021649975251136766
32915.0,0.8482537864928403,0.029486347820958894,0.00020956695982476958
32975.0,0.8479993478884927,0.02943427326779302,0.00020302840158592517
33549.0,0.8455690727972653,0.0289452356142179,0.00021345608467981947
33670.0,0.8450576569485726,0.02884421240878018,0.00020655411834979986
33931.0,0.8439555732170774,0.0286286859433152,0.00019909735500789338
34041.0,0.8434915241168818,0.02853881278538813,0.00021134992402949138
34876.0,0.839977279308722,0.027874564459930314,0.00020053941223352467
35253.0,0.8383954095631689,0.027584684982897494,0.00020993921698675422
35349.0,0.8379930753286812,0.027511830086937385,0.00020360892696658084
35356.0,0.8379637460109871,0.02750653280154037,0.00021425180682399514
35377.0,0.8378757642168259,0.02749065317791951,0.00020823819633619678
35452.0,0.8375616189258023,0.027434089599736634,0.0002020969091063307
35469.0,0.8374904290358314,0.027421300866513103,0.00019646093903702422
35579.0,0.837029934796146,0.02733883755262726,0.0001904991138275136
35597.0,0.836954605303568,0.02732539075308777,0.0001851999527815451
36005.0,0.8352489540004563,0.027024105502107883,0.00017815310557978137
36112.0,0.8348022142067631,0.026946188461642102,0.00018804194384358652
36274.0,0.8341262965070803,0.026829071982400126,0.0001821796644776441
36328.0,0.8339011122453044,0.026790259061805127,0.00017703546949121574
36405.0,0.8335801213093302,0.026735108544540687,0.0001865208395344098
36464.0,0.8333342508265448,0.02669300376371353,0.0001812482887828537
36653.0,0.8325471199695873,0.026559014129395517,0.00017552470927739705
36800.0,0.8319354211340171,0.026455726341966718,0.00017019846144705753
36923.0,0.8314239368688371,0.026369917198459998,0.00016515830344587812
36925.0,0.8314156226502539,0.026368526526737688,0.00017457260557307563
37240.0,0.8301071704500282,0.02615131148827114,0.00016856923267027923
37402.0,0.8294350542054948,0.02604098851592406,0.00016346839029779403
37843.0,0.8276081602345254,0.025745327223109005,0.0001703381358737488
37893.0,0.8274012835379375,0.025712228735986834,0.00016573937411124007
37906.0,0.8273475040679101,0.025703637064644645,0.00016142388803075391
38012.0,0.8269091249755242,0.025633795596113916,0.00015684736294474533
38305.0,0.8256985870166432,0.0254427030327702,0.00016393655022284292
38444.0,0.8251249244353434,0.02535304109727962,0.00017099418670341038
38805.0,0.8236369135605103,0.02512310320570797,0.00016514746054951956
38844.0,0.8234763196192978,0.025098511658258663,0.00017209211841873184
38865.0,0.823389858928851,0.02508528998595224,0.00017863657933503418
38890.0,0.8232869413716716,0.025069568051342472,0.00017404627891437485
39034.0,0.8226943866377947,0.02497939200159868,0.00016907265856502818
39139.0,0.8222625843633152,0.024914046539438937,0.00017497209306327477
39146.0,0.8222338056045465,0.024909702329057166,0.00017058308078787832
39186.0,0.822069374875968,0.024884907303720293,0.00016616833886473614
39387.0,0.8212436081070985,0.024761055811419797,0.00016122682013985923
39396.0,0.821206652883844,0.02475553905186285,0.00015719964198979142
39491.0,0.8208166713767077,0.02469745616201531,0.00015294837974977327
39715.0,0.8198978690331099,0.024561575870707866,0.0001483502362020772
39789.0,0.8195945621785258,0.024517014808276946,0.00014444398549073867
39956.0,0.8189104846510211,0.024417043096081066,0.00014032809900754728
40017.0,0.8186607544146723,0.024380729471425788,0.0001366980982027144
40100.0,0.81832107983975,0.02433149225041972,0.00013309596577926186
40190.0,0.8179529172762019,0.024278326737721238,0.00013933724009973503
40397.0,0.8171067718472442,0.024156923374239057,0.0001447006186907629
40600.0,0.8162778271620453,0.024039039399985578,0.00015855843125223146
40619.0,0.8162002842579532,0.024028064779662645,0.00015467619179787562
40639.0,0.8161186681063617,0.024016523368077237,0.00015088711174371383
40826.0,0.8153559518702911,0.02390914524805738,0.0001466049120608659
40999.0,0.814650972157151,0.023810657650364303,0.00014251025132239192
41046.0,0.8144595511929842,0.023784040908550363,0.0001474446979869981
41138.0,0.8140849850198417,0.023732111920639818,0.000143623599896614
41192.0,0.8138652111952513,0.023701737337346825,0.0001400356481013887
41225.0,0.8137309341778689,0.023683213338385755,0.00013660970967066532
41384.0,0.813084273550199,0.02359436566547908,0.00014105064789760036
41427.0,0.8129094787855079,0.02357045208127092,0.00013758306137390264
41900.0,0.8109892146748545,0.023310566679875987,0.0001328589454487883
42746.0,0.8075659670117683,0.022859755400617215,0.0001348662968609915
42796.0,0.8073641002497435,0.02283365681013814,0.0001389146125490015
43233.0,0.8056019311560779,0.022608066558147948,0.00013440158356559095
43258.0,0.8055012369564655,0.022595295659443706,0.00013825511521758926
43301.0,0.8053280723734669,0.022573363431151242,0.0001350000342910107
43460.0,0.8046880893829131,0.022492633662475538,0.0001382481891880616
43577.0,0.8042174833397934,0.02243359655419957,0.00013478392081367474
43948.0,0.8027270389965913,0.022248425923865885,0.00013067266186794768
44077.0,0.8022094457042322,0.022184754636613718,0.00012739975754527677
44169.0,0.8018405132978332,0.022139567835635848,0.00012431968902149038
44420.0,0.80083483213636,0.022017217464056892,0.00012089548481242218
44675.0,0.7998144158279679,0.0218942943468932,0.00011757359854414062
44710.0,0.7996744602017822,0.021877529589358766,0.00011491135096264316
44982.0,0.7985876394244911,0.021748113351166786,0.00011173248930163027
44994.0,0.7985397254837728,0.021742439066814515,0.00010927400042248792
45072.0,0.7982283549336093,0.02170562826941026,0.00010671713444310171
45087.0,0.7981684899022928,0.021698563555092653,0.00010436679178837949
45148.0,0.7979250850254891,0.021669881032353133,0.00010196721724753388
45621.0,0.7960402172219377,0.02145002145002145,0.00010477964777066973
45963.0,0.7946801482406985,0.0212938120182275,0.00010758991885495561
46054.0,0.7943186501165601,0.021252630012964107,0.00011073941746531091
46411.0,0.7929020524741266,0.021092596498628984,0.00010756976149650654
46438.0,0.7927950176544675,0.021080591099774438,0.00010524090122032703
46587.0,0.7922046038467266,0.02101458412138024,0.00010269977997268143
46679.0,0.7918402726207319,0.02097403414572759,0.00010034758064136895
46738.0,0.7916067136080577,0.020948111527745773,9.812146488741291e-05
46849.0,0.7911674926790306,0.020899515131248957,9.584314713606545e-05
46865.0,0.7911042016530629,0.02089252883168979,9.380870294251054e-05
47009.0,0.7905348102099059,0.020829861689718378,9.157330141817965e-05
47019.0,0.790495284358735,0.02082552376192261,8.964716883497204e-05
47465.0,0.7887344395441657,0.020633872565203038,8.697240393473749e-05
47552.0,0.788391413818901,0.020596898107145063,8.50251937123403e-05
48027.0,0.7865212012920086,0.020397340186839634,8.24671192134474e-05
48167.0,0.785970827728387,0.020339258837407965,8.055497431769254e-05
48385.0,0.7851145841230868,0.020249473513688644,7.856817781259906e-05
48391.0,0.7850910309799789,0.02024701356549909,7.69678622276615e-05
48980.0,0.7827823333478626,0.020008403529482383,8.42436205488184e-05
49228.0,0.781812282385269,0.019909610368925083,8.215040298864551e-05
49326.0,0.7814292872508802,0.01987083954297069,8.035803055861379e-05
49545.0,0.7805740883501845,0.01978474200696423,8.301579180169938e-05
49930.0,0.7790729248106588,0.01963517838559563,8.075820041142379e-05
49937.0,0.7790456576673,0.019632479974870425,7.916161827381529e-05
49989.0,0.778843131619517,0.01961245783321566,7.752833157326222e-05
50062.0,0.7785589050404128,0.019584418636532774,7.58991449174573e-05
51533.0,0.7728535970203481,0.01903601614254169,7.650759812349861e-05
51551.0,0.7727840431527018,0.019029495718363463,7.502549090077082e-05
51568.0,0.7727183591364337,0.019023341640192516,7.357399235274897e-05
51620.0,0.7725174779765364,0.01900454208555845,7.617427132800003e-05
51776.0,0.7719151477772005,0.018948365703458078,7.848723794268153e-05
52008.0,0.7710202431135635,0.018865432867357142,7.66630208204333e-05
52506.0,0.769102786139188,0.0186898420708345,7.833137060231365e-05
52555.0,0.7689143785664336,0.018672741531911716,7.679703875851374e-05
52641.0,0.7685838156333639,0.018642803877703205,7.524219938659371e-05
52778.0,0.7680575146825538,0.018595310262751734,7.733214225424945e-05
53587.0,0.7649569893244416,0.018319715678012678,7.476932677263903e-05
53611.0,0.7648651997637317,0.018311664530305805,7.336731633245108e-05
53622.0,0.7648231332294182,0.018307976785485434,7.200933393392006e-05
53818.0,0.7640739718349854,0.018242516007807796,7.04382307361584e-05
53846.0,0.7639670086991137,0.018233202662047587,6.911795539110699e-05
54133.0,0.7628714995186774,0.018138286294710877,6.75044676086145e-05
54140.0,0.7628447994166984,0.01813598360507082,6.62716378769801e-05
54425.0,0.7617585170218397,0.01804272517321016,6.47351364619908e-05
54676.0,0.7608031073394204,0.01796138302649304,6.666504762620207e-05
54801.0,0.7603277527727185,0.01792114695340502,6.532099423850468e-05
55031.0,0.759453876247641,0.01784758165268606,6.716035159115563e-05
55131.0,0.7590742432765838,0.017815784785319793,6.584418578370332e-05
55288.0,0.7584786023261649,0.017766091637500668,6.449073430303542e-05
55366.0,0.7581828526068246,0.017741506253880955,6.642861815464585e-05
55388.0,0.7580994568713972,0.017734584212673134,6.522461637814558e-05
55409.0,0.7580198604083216,0.01772798184654659,6.404403325177555e-05
55479.0,0.7577545992174397,0.01770600941959701,6.28306914904897e-05
55523.0,0.7575879111252527,0.017692226035879836,6.167016564972982e-05
55652.0,0.757099423255626,0.017651939065506345,6.655959425927449e-05
55671.0,0.7570275020469246,0.01764602082230457,6.53627665485601e-05
55802.0,0.7565318101506682,0.017605323849932217,6.406128790104049e-05
55852.0,0.7563427003650627,0.017589840108353415,6.287811869754023e-05
55878.0,0.7562443819590531,0.017581799321342545,6.174386496127227e-05
56429.0,0.754163790815542,0.017413108588145158,6.584298168377245e-05
56434.0,0.7541449369093114,0.01741159263837863,6.469081834836743e-05
56455.0,0.7540657556500713,0.01740522853065061,6.354121474316798e-05
56748.0,0.7529618553626811,0.017316916896115815,6.211847779979962e-05
56764.0,0.7529016206730843,0.017312120215362777,6.10258688027443e-05
56938.0,0.7522468794799567,0.017260127379740062,6.253660048116672e-05
57158.0,0.7514198607886466,0.017194834671664633,6.390480582751934e-05
57254.0,0.7510592649039115,0.017166497862771017,6.27024700321499e-05
57367.0,0.7506350352148352,0.017133262515848267,6.150677648975034e-05
57432.0,0.7503911178573123,0.017114203077133714,6.299327530712162e-05
57792.0,0.7490416253790202,0.017009406201629503,6.153606494763153e-05
57923.0,0.7485511625323533,0.016971589559078105,6.0354888319125166e-05
58047.0,0.748087203493846,0.016935948243742168,5.9205972306131116e-05
58186.0,0.7475674622190747,0.01689617301681169,5.806656869822291e-05
58891.0,0.7449369193939538,0.01669727834362999,6.128547138928297e-05
59474.0,0.7427685847362339,0.016536305458634434,6.428476066844269e-05
59871.0,0.7412956477867432,0.01642845408247084,6.280939003033836e-05
60420.0,0.7392635764472636,0.016281606668946094,6.122532410302028e-05
60503.0,0.7389568449473952,0.01625963383304608,6.014719613745001e-05
60639.0,0.7384545238455549,0.016223758071319642,5.903867193524093e-05
61136.0,0.7366217379514489,0.016093988895147664,5.9738631151162735e-05
61404.0,0.7356353234018981,0.01602487059916991,6.060002621666172e-05
61439.0,0.7355065981622757,0.016015887760658574,5.9595493283381984e-05
61679.0,0.7346245173935829,0.015954561409106865,6.0431957123796565e-05
61747.0,0.7343747868899317,0.015937270901730787,5.9403344451425255e-05
62089.0,0.7331200759511575,0.01585087496829825,6.010170420722716e-05
62492.0,0.7316443226295166,0.015750263816918932,5.877359959072237e-05
62732.0,0.7307668738233103,0.01569095102854184,5.763005462711135e-05
62828.0,0.7304161890182461,0.015667350807651935,6.0377900624075664e-05
63019.0,0.7297189727884265,0.015620606704364397,5.925462154721117e-05
63386.0,0.7283811629447475,0.015531567911780696,5.979878984874176e-05
63546.0,0.7277986895786149,0.015493066852583469,6.048369372990692e-05
63808.0,0.7268458951298944,0.015430431897788819,5.9305882359694806e-05
63821.0,0.7267986515640342,0.015427337241592103,5.8379056397939166e-05
63911.0,0.7264716649308713,0.015405946695424435,5.7398727150825835e-05
63929.0,0.7264062852597073,0.015401675702316413,5.649877790858682e-05
63987.0,0.726195657452919,0.015387929707937096,5.5578953535473374e-05
64259.0,0.7252087001744544,0.015323791719022956,5.6192624555251314e-05
65319.0,0.7213752520907792,0.015078862450616726,5.767890282015742e-05
65515.0,0.7206686488693468,0.015034428842048291,5.6641768267695625e-05
65795.0,0.7196604161679082,0.014971404617181185,5.7103522181023436e-05
65858.0,0.7194337582706619,0.014957296917301105,5.6195598645558675e-05
65910.0,0.7192467293407521,0.014945672480533261,5.531204381270527e-05
66107.0,0.7185386183439864,0.014901797156737104,5.43254179348196e-05
66164.0,0.7183338635048199,0.014889150276193738,5.347045363635061e-05
66571.0,0.7168735368281154,0.014799467219180112,5.38403170651236e-05
66765.0,0.7161785049047854,0.014757098164216989,5.2891652003950185e-05
66886.0,0.7157453468699371,0.014730794726375486,5.201824048128856e-05
66955.0,0.7154984566990422,0.014715837183977398,5.264587947806376e-05
66980.0,0.715409024757987,0.014710425278394798,5.185207511715362e-05
67138.0,0.7148440734012131,0.014676313897001629,5.097084022054332e-05
67427.0,0.7138118670832946,0.014614327887060474,5.280011289698905e-05
67561.0,0.7133337721168055,0.014585764294049008,5.1926785474165627e-05
67707.0,0.7128132271838105,0.014554769597997263,5.10606588477458e-05
67746.0,0.7126742418085593,0.014546512473634445,5.0288936904507864e-05
68048.0,0.7115989130926003,0.014482888467275913,4.934065246686714e-05
68567.0,0.7097547031998358,0.014374838283069315,4.826328060403284e-05
68757.0,0.7090807547231321,0.014335684385572567,5.004888681980901e-05
68789.0,0.7089673105945371,0.014329111021952199,4.93087817687865e-05
68819.0,0.7088609732076069,0.014322953966025953,4.8581346931086955e-05
68981.0,0.7082870268640877,0.014289797084881393,4.777466608629766e-05
69013.0,0.7081737097221086,0.014283265725875564,4.7070451742570185e-05
69160.0,0.707653391984857,0.014253338844624352,4.630091670776437e-05
69216.0,0.7074552762773036,0.01424197108879869,4.5604573074342625e-05
69611.0,0.7060594274714412,0.0141622999575131,4.4703590504013846e-05
69753.0,0.7055583019457315,0.014133876074174583,4.522278274521341e-05
69902.0,0.705032855450284,0.014104173424916433,4.5708005188771494e-05
70090.0,0.7043704342968216,0.014066873918609068,4.613752413717975e-05
70193.0,0.7040077760090347,0.014046522081132712,4.5422701006714306e-05
70372.0,0.7033779693555027,0.014011293102240406,4.4672349119423416e-05
70509.0,0.7028963192263676,0.013984449292386866,4.396204451495578e-05
70619.0,0.7025098315784165,0.013962970203021587,4.3280681325086334e-05
70758.0,0.7020217556513059,0.01393592262775757,4.374956381525408e-05
70891.0,0.7015550652088384,0.013910140492418973,4.419463454041761e-05
70991.0,0.7012043744794919,0.013890818169190166,4.3519344956166606e-05
71036.0,0.7010466208487973,0.013882140626084543,4.2888016906772464e-05
71589.0,0.6991108994708902,0.013776381771091641,4.1970439752958555e-05
71693.0,0.6987474553982009,0.013756671985913169,4.133301933961775e-05
72092.0,0.6973548403385423,0.013681575022916639,4.0541883706168846e-05
72287.0,0.6966752490248302,0.013645170973992303,3.988080858619014e-05
72417.0,0.6962225561223598,0.013621009044350006,3.926697354472708e-05
72492.0,0.6959615209583766,0.013607108353403818,3.869259033706385e-05
72771.0,0.6949913290773244,0.013555645926528399,3.802175092459947e-05
73211.0,0.6934640249855961,0.013475272874275706,3.728396193025674e-05
73304.0,0.6931416383687062,0.01345840679380375,3.673551341876191e-05
73583.0,0.6921753774911811,0.01340806092622885,3.7144533735045115e-05
74513.0,0.6889642256720259,0.013242928276300456,4.014166339061376e-05
74946.0,0.6874742279030214,0.013167423793534796,3.938423363081256e-05
75460.0,0.685709683137181,0.013078905034070547,3.86043682141235e-05
75606.0,0.6852092964808704,0.013053978199856405,3.802685230880343e-05
75682.0,0.6849489657633474,0.013041040153362632,3.749325345836496e-05
75995.0,0.683877856315903,0.012988025040912279,3.7768536941484854e-05
76226.0,0.6830884313989386,0.012949174490126255,3.716649007401429e-05
76538.0,0.6820236415360056,0.012897068496330783,3.653759760879893e-05
76759.0,0.6812704197607212,0.012860413076468017,3.5963863624033365e-05
76836.0,0.6810081804778138,0.012847690627609688,3.5466232986891555e-05
76894.0,0.6808107162455104,0.012838124093307486,3.586359430585162e-05
76951.0,0.6806167123532373,0.012828736369467606,3.537728487401637e-05
77009.0,0.6804193616305144,0.012819198030971183,3.4897472971806565e-05
77015.0,0.680398949304821,0.012818212115774092,3.444746582204061e-05
77216.0,0.6797154901478685,0.012785271367384773,3.391852116862992e-05
77441.0,0.6789512382830949,0.012748597654258032,3.3388814529189403e-05
78000.0,0.6770562143641125,0.012658388080861784,3.272990539926468e-05
78565.0,0.6751462249138888,0.012568498315821226,3.374792395050008e-05
78722.0,0.674616441769958,0.01254374631527452,3.406676320594215e-05
78755.0,0.6745051389615422,0.012538556059884144,3.362551930763402e-05
79240.0,0.6728714415739849,0.012462767482147086,3.379162852468198e-05
79279.0,0.6727402441070522,0.012456712922593986,3.3354279537434195e-05
79806.0,0.6709699025872392,0.01237547181486294,3.272397219689083e-05
80212.0,0.6696092118516191,0.012313602837054094,3.215742449924619e-05
80326.0,0.6692276424045602,0.012296341838303105,3.171692809189608e-05
80614.0,0.66826464571602,0.012252949897687868,3.121637789149645e-05
80770.0,0.6677436012235146,0.012229573554770144,3.0775059869370125e-05
81381.0,0.6657067523005344,0.012138868657441126,3.091056447601659e-05
81531.0,0.6652076581722621,0.01211680600993578,3.0479846572006863e-05
82729.0,0.6612349644641093,0.011943435887636156,3.315257740155175e-05
82756.0,0.6611457035460011,0.011939585696376336,3.274606200420749e-05
82914.0,0.6606236033916599,0.011917104620261462,3.229416611816305e-05
83070.0,0.6601085166032551,0.01189499101928178,3.1850101649411044e-05
83115.0,0.6599600085235332,0.011888627339087429,3.145440823004719e-05
83367.0,0.6591289804928206,0.011853116184244838,3.164234784946984e-05
83404.0,0.6590070526052859,0.011847920097626861,3.125358068700734e-05
83432.0,0.6589147978452673,0.011843990951190913,3.087304888538256e-05
83438.0,0.6588950306484231,0.011843149330269906,3.0505220948384704e-05
83518.0,0.6586315246821034,0.011831939136505083,3.0115410154962774e-05
83753.0,0.6578580851916829,0.011799131583915424,2.967657059116391e-05
84343.0,0.6559202586951983,0.01171755993531907,2.912366876728356e-05
85031.0,0.6536677638863667,0.01162385214460072,2.8552231441381082e-05
85148.0,0.6532854791179752,0.011608065283759156,2.818201724608116e-05
85678.0,0.6515565601054718,0.011537085962827508,2.8299178126189872e-05
85945.0,0.6506873102779591,0.011501656238498343,2.788678557408275e-05
85948.0,0.6506775500171065,0.011501259387902975,2.7565090221060018e-05
86839.0,0.6477852217458453,0.011384594366902707,2.756362616196384e-05
87316.0,0.6462420910489716,0.011323104795334882,2.7102645859145014e-05
87417.0,0.6459158203675932,0.011310170104958378,2.6765150224150602e-05
87536.0,0.6455316138067411,0.011294968091715141,2.6426863641404452e-05
88109.0,0.6436848079288273,0.01122233693944427,2.764225514795271e-05
88305.0,0.6430543042380623,0.01119770670966586,2.7817176018629652e-05
88867.0,0.6412498535725423,0.011127678988716534,2.7333673600082875e-05
89610.0,0.6388720239751566,0.0110364312595879,2.6807869389244843e-05
90091.0,0.6373373790710721,0.010978153474585575,2.6372009756414627e-05
90300.0,0.6366717077196181,0.010953022486555164,2.6022786215662563e-05
90580.0,0.635780988750769,0.010919533954290832,2.5659065642003043e-05
91449.0,0.6330245062582852,0.010816891658013155,2.5643354604198976e-05
91838.0,0.6317944671193416,0.01077156737076812,2.525968623956487e-05
92234.0,0.6305447485797762,0.010725815966449647,2.633423902409504e-05
92684.0,0.6291276142266261,0.010674295229657462,2.5926644823925926e-05
92870.0,0.628542796065941,0.010653144275532924,2.606630512502761e-05
93058.0,0.6279522419651605,0.010631850898922993,2.5737071041476156e-05
93098.0,0.6278266637610598,0.010627331370819474,2.545261399689025e-05
93187.0,0.6275473423510033,0.010617289193723059,2.5158325072993648e-05
93389.0,0.6269138379250503,0.010594567105988049,2.4837942120825574e-05
93396.0,0.6268918962698498,0.010593781450288681,2.4572972492364897e-05
93465.0,0.6266756553287397,0.010586043360433605,2.4294892924103806e-05
93753.0,0.625773889557825,0.01055386693684566,2.396464320497671e-05
94195.0,0.6243924528581086,0.010504863751917138,2.3601626466529524e-05
94249.0,0.6242238892315399,0.01049890811355619,2.3340454418985246e-05
94335.0,0.6239555299896421,0.01048943713680324,2.307457096151211e-05
94430.0,0.6236592207511372,0.010478994854813526,2.325661759527975e-05
94581.0,0.6231885345691436,0.010462439840970915,2.341754159829179e-05
94830.0,0.6224131456848628,0.010435254463680098,2.3546161912690877e-05
94992.0,0.6219091939049987,0.010417643320727985,2.3261128518470287e-05
95084.0,0.6216231807488365,0.010407668370055056,2.2996761757099193e-05
95700.0,0.6197115220386149,0.010341368576717443,2.3036282883026615e-05
95948.0,0.6189435540699032,0.01031491433463645,2.2739736508015085e-05
95967.0,0.6188847570781748,0.010312893179052452,2.2500768295685702e-05
96101.0,0.618470242132654,0.010298661174047374,2.223798898626228e-05
96113.0,0.6184331349385848,0.01029738858225554,2.2006247860417716e-05
96128.0,0.6183867540768156,0.010295798284720006,2.177627739285981e-05
96198.0,0.6181703560437566,0.010288383386318508,2.15365517135524e-05
96677.0,0.6166916058543426,0.010237929481141734,2.1210447442854274e-05
97218.0,0.6150257050423779,0.010181536801164768,2.1684861906123842e-05
97367.0,0.6145676803824259,0.010166114307789277,2.143156395106871e-05
97424.0,0.6143925531125186,0.010160226776261647,2.1201402674364545e-05
97544.0,0.6140240272281543,0.01014785423622175,2.0960436089012546e-05
97674.0,0.6136250402977858,0.010134484610785118,2.0720397856166528e-05
98109.0,0.6122918528690554,0.01009000282520079,2.1195931381612354e-05
98407.0,0.6113802150680004,0.010059754944369555,2.091916418578421e-05
99022.0,0.6095031037516299,0.00999790044090741,2.0956894289270167e-05
99259.0,0.608781268540921,0.009974266392706817,2.0698324618706465e-05
99816.0,0.6070881672132075,0.009919158855329069,2.037865699833219e-05
99997.0,0.6065389995847899,0.009901382232959721,2.0140358515163825e-05
100296.0,0.6056328989941068,0.009872155585172022,1.9882079953958964e-05
100311.0,0.605587478116434,0.009870693909781857,1.968288628972914e-05
100415.0,0.6052726537021906,0.009860571518725224,1.9468616983431275e-05
100546.0,0.6048763289337318,0.009847850706583288,1.9251777104045686e-05
100892.0,0.6038307949185207,0.009814409516051467,1.8997457374325677e-05
101550.0,0.6018474510345477,0.009751435898936118,1.869030874956934e-05
101690.0,0.6014263041845473,0.009738141378336531,1.8834446748883238e-05
101951.0,0.6006419527972957,0.009713453132588635,1.860374993611913e-05
102286.0,0.5996367171331577,0.009681948007939197,1.8363289015610462e-05
102864.0,0.5979062644031025,0.00962806774308464,1.8084293884612634e-05
102963.0,0.5976103733015822,0.009618899213174045,1.7893121736278772e-05
103207.0,0.5968817313864875,0.009596376408268237,1.8018078904447066e-05
103444.0,0.5961748436812538,0.009574600499794146,1.813843927322978e-05
103599.0,0.595712986015715,0.009560412244976004,1.7938149625251754e-05
103767.0,0.5952127959662141,0.009545081419544509,1.77381633790219e-05
104164.0,0.5940324674789782,0.009509047859037875,1.750252712895417e-05
104664.0,0.5925492374122929,0.00946405080302471,1.7254059926585796e-05
104713.0,0.592404080268709,0.009459663992734978,1.708284464996268e-05
104839.0,0.5920309823035913,0.009448402275175268,1.690110195795569e-05
105084.0,0.5913061865663,0.00942658107331052,1.670274905052338e-05
106116.0,0.5882628974736901,0.00933576063109742,1.7320768364470496e-05
106307.0,0.5877013731733182,0.009319143384340112,1.7128523424503328e-05
107842.0,0.5832080192036683,0.009187714188587022,1.790559741721154e-05
107880.0,0.5830972199292848,0.009184507572626493,1.773489405820783e-05
107996.0,0.5827591207547137,0.00917473278590761,1.7553306449258343e-05
108422.0,0.5815191617527339,0.009139013534879045,1.732454767022773e-05
108638.0,0.5808914585095414,0.009121008418690771,1.7132398568264762e-05
109237.0,0.5791542869612983,0.009071446714322,1.6883888960705917e-05
109866.0,0.577335703403948,0.009019979254047716,1.6911280098952375e-05
110886.0,0.5743987794960134,0.008937748581132412,1.660595958696831e-05
110946.0,0.5742264852768525,0.008932958149091072,1.644871882433563e-05
111000.0,0.5740714646669991,0.00892865114867097,1.6293923252419518e-05
111398.0,0.5729301955385402,0.0088970346183617,1.609125854429294e-05
111822.0,0.5717168670732728,0.008863598089008252,1.5888158486632165e-05
111830.0,0.5716939987987876,0.00886296962660309,1.5746215680678688e-05
112379.0,0.5701268467544186,0.00882005327312177,1.5791056696912165e-05
112386.0,0.5701068926140962,0.008819508753362437,1.5650812457579377e-05
112659.0,0.5693292256399611,0.008798324798958278,1.59863705277985e-05
112705.0,0.5691982946483763,0.008794765355660311,1.6090902533960616e-05
113175.0,0.5678622457880924,0.008758561493860248,1.5883730796417694e-05
113292.0,0.567530142693672,0.008749595331215932,1.5728494361155754e-05
113683.0,0.5664217023470758,0.008719764217575556,1.553772042939272e-05
113795.0,0.5661045941995563,0.008711256685889507,1.5387207810135806e-05
114346.0,0.5645471185566416,0.008669643244180502,1.5180301929262896e-05
114645.0,0.5637037490817304,0.008647227698799765,1.5250950482936787e-05
115284.0,0.5619055852044292,0.008599709329824652,1.5035989505918224e-05
115387.0,0.5616162776078778,0.008592098706029935,1.4893492149781196e-05
115425.0,0.5615095803849454,0.008589294303580018,1.4760706434913118e-05
115460.0,0.5614113245603729,0.00858671292042693,1.4629524372367086e-05
115489.0,0.5613299256163798,0.008584575235217362,1.4500294071240205e-05
116013.0,0.5598611624592637,0.008546132020647456,1.431143780905586e-05
116208.0,0.5593155624850705,0.008531913622906482,1.4165523595011109e-05
116297.0,0.5590667218088182,0.008525439912699495,1.4034007975283203e-05
116727.0,0.5578660165758049,0.008494300324482272,1.386353899590631e-05
116788.0,0.5576958929606091,0.008489901262448318,1.3738659205841941e-05
116896.0,0.5573948177233504,0.008482123923830527,1.3609540644665685e-05
116910.0,0.5573558013541574,0.008481116793459363,1.3492500599454615e-05
117282.0,0.5563200804933268,0.008454443232640914,1.3335994381691307e-05
117893.0,0.5546231118444179,0.00841099485247115,1.3155290162103483e-05
118153.0,0.553902568452337,0.008392641332080033,1.3016176538371838e-05
118296.0,0.5535066686771764,0.00838258099668888,1.289146477745362e-05
118780.0,0.552168798669927,0.008348708872172919,1.2731746181771086e-05
119419.0,0.5504074302391526,0.008304406317992325,1.2558455381395106e-05
119435.0,0.550363399295917,0.008303303053954863,1.2452510290472674e-05
120623.0,0.547103922784477,0.008222196642054891,1.2446299791690763e-05
121204.0,0.5455168882050024,0.008183105161084425,1.2285275929002637e-05
121416.0,0.5449389452225379,0.008168933545725605,1.2375083372262452e-05
121494.0,0.5447264599400096,0.00816373180508274,1.2266176412367713e-05
121842.0,0.5437794576631106,0.008140604521291752,1.2340422941292672e-05
122028.0,0.5432739765889095,0.008128297040487047,1.2427705030404468e-05
122078.0,0.5431381747311964,0.008124994921878174,1.2321681239768623e-05
122700.0,0.5414516347205031,0.008084139726271028,1.2160113513459692e-05
124153.0,0.5375322332604613,0.007990283814881104,1.251344944819266e-05
124227.0,0.5373333826266625,0.007985562103716481,1.2406127922304222e-05
124403.0,0.5368607360633194,0.007974354476005167,1.2289785232155737e-05
125360.0,0.5342979873005619,0.007913959433043946,1.2099445726221347e-05
125979.0,0.5326468872973557,0.007875379987084378,1.2133243188827691e-05
126320.0,0.5317394958570486,0.007854287262702346,1.2190620253704765e-05
126834.0,0.5303746764847386,0.007822706186978324,1.2228725793761441e-05
126836.0,0.5303693727512331,0.007822583799428951,1.231319622263527e-05
126932.0,0.5301148559049478,0.007816713697227412,1.2386398083208405e-05
127033.0,0.5298472148186731,0.007810547363159211,1.227988234120403e-05
127150.0,0.5295373440693562,0.007803416335671757,1.2172845771374341e-05
128278.0,0.526559152398419,0.007735328016584544,1.2146916134270214e-05
128601.0,0.5257094435675831,0.00771604938271605,1.2022916365594938e-05
128646.0,0.5255911719531559,0.007713371128851864,1.1926005967666242e-05
128964.0,0.5247561439253747,0.007694497664719959,1.1805060196934392e-05
129070.0,0.5244780961631381,0.007688227017967387,1.170467965039279e-05
129626.0,0.523022068232281,0.007655502392344498,1.1565253956291599e-05
130354.0,0.521121723878002,0.007613073169246229,1.1413108524038762e-05
130369.0,0.5210826411166258,0.007612203885268863,1.1324926433076143e-05
130474.0,0.5208091438456097,0.007606124451408273,1.1229743066110132e-05
130497.0,0.5207492540880696,0.007604794062176796,1.114237898036663e-05
130560.0,0.5205852434960286,0.00760115233469394,1.1052348284579239e-05
130789.0,0.5199895130236754,0.00758794427413725,1.1115065007061276e-05
131294.0,0.518678192463894,0.007558978933125713,1.0988617106022502e-05
131611.0,0.5178567366508983,0.007540909433677701,1.087948500355651e-05
131723.0,0.5175668173385569,0.007534545892919033,1.0788332161837388e-05
132308.0,0.5160551425208401,0.007501481542604665,1.0660060524969595e-05
132706.0,0.5150292113624556,0.007479151864178602,1.0548600485549287e-05
132919.0,0.5144809958583839,0.007467256082080078,1.0453053562287096e-05
133386.0,0.5132810811788308,0.007441306693455371,1.0338943880583429e-05
133654.0,0.512593743430843,0.007426496253332641,1.0241584149639493e-05
134481.0,0.5104785392123096,0.007381163271331563,1.0259097393827687e-05
134928.0,0.5093388908594747,0.007356890095418865,1.01498849858217e-05
135396.0,0.5081484282631447,0.007331647054510795,1.004064321818987e-05
135750.0,0.5072497988202046,0.007312667734316156,9.941227276044629e-06
136784.0,0.5046340782848534,0.007257789422497696,9.794471466761934e-06
136809.0,0.504571002809678,0.007256472773714153,9.721621310632145e-06
137174.0,0.5036509981890978,0.007237303959528996,9.625582194416893e-06
137340.0,0.5032331402509849,0.007228619550524436,9.544452296950112e-06
138112.0,0.5012943996593024,0.00718850414417264,9.422874782671897e-06
139563.0,0.4976706607379911,0.007114298316757018,9.545450723180693e-06
139567.0,0.49766070739942664,0.007114095869555938,9.477271845526047e-06
139923.0,0.49677565705611126,0.007096124097018209,9.386078275497312e-06
140018.0,0.4965397440629967,0.0070913435968713,9.453827544803062e-06
141015.0,0.4940706466046391,0.007041559282887602,9.45864874779545e-06
141262.0,0.4934608444619025,0.00702933340831289,9.375738216022e-06
143907.0,0.4869777723912978,0.006901025492388168,9.4030536814671e-06
144232.0,0.4861870741507251,0.006885582279265446,9.446356258990818e-06
144262.0,0.48611415137663966,0.006884160235713647,9.379375114804134e-06
146856.0,0.47984994635643086,0.0067633830441987085,9.521247704924463e-06
147028.0,0.47943745176942065,0.006755524330020875,9.445863469181859e-06
147927.0,0.4772872113339547,0.006714744235392075,9.444880703313174e-06
148251.0,0.47651463007991324,0.006700167504187605,9.479111866994572e-06
148267.0,0.4764765103390171,0.006699449305267107,9.414590962819602e-06
149565.0,0.47339418305213227,0.006641693897611647,9.270899710145386e-06
149903.0,0.47259482053594226,0.0066268174046732325,9.188697589479489e-06
151135.0,0.4696925772723563,0.006573152615457426,9.053887666254923e-06
151615.0,0.46856666390858603,0.006552478802731073,8.966086056716449e-06
151790.0,0.4681568463744368,0.006544973787379982,8.897133781715638e-06
151968.0,0.4677403710989604,0.006537357730752384,8.828616884670737e-06
152430.0,0.4666611351410644,0.006517672669443195,8.74449042953529e-06
152575.0,0.466322927587618,0.006511518876893224,8.679294225544254e-06
152882.0,0.46560766920686947,0.006498528083389112,8.605575970932478e-06
153391.0,0.46442420133171025,0.006477103439341927,8.52146551721944e-06
154519.0,0.4618122150314456,0.006430123844185239,8.404863720556932e-06
155410.0,0.4597594124942839,0.006393493980525418,8.303248094421178e-06
156805.0,0.4565637404651057,0.006336974981622772,8.282055432573543e-06
159441.0,0.4505856972636316,0.006232859636000997,8.094361874100287e-06
159668.0,0.45007457133825174,0.006224053477067475,8.032545935066082e-06
160547.0,0.44810082913840943,0.0061901873150681545,7.939116485999875e-06
160683.0,0.44779622339077013,0.006184980393612153,7.883335157998772e-06
161269.0,0.44648609745268536,0.006162644514013853,7.806283804256964e-06
161500.0,0.44597070241956305,0.006153884023901685,7.74714783347008e-06
161741.0,0.4454336300315629,0.006144770800049158,7.688070709832573e-06
162145.0,0.44453476001607817,0.006129554258814299,7.621907997190647e-06
162522.0,0.4436975991725193,0.006115422483962305,7.5577243876523426e-06
163002.0,0.44263399910610546,0.006097523795586612,7.586082460875332e-06
163124.0,0.4423640740273545,0.006092991232185617,7.629935737440974e-06
164110.0,0.4401885807009694,0.006056605030616138,7.632246664002196e-06
164610.0,0.4390894809485981,0.006038319173474871,7.56311776228813e-06
165102.0,0.4380106456398555,0.00602043335079259,7.495182146044499e-06
165934.0,0.43619230158605005,0.005990427297179108,7.412926549932308e-06
165967.0,0.4361203356137287,0.005989243318999077,7.367063602714552e-06
166268.0,0.4354644665342311,0.005978465567027567,7.400808030411099e-06
166827.0,0.4342490396619916,0.005958552310130731,7.332059098530408e-06
166856.0,0.43418607795866965,0.005957522861993983,7.287111444043148e-06
168501.0,0.4306295349095836,0.0058997050147492625,7.261686775450471e-06
168611.0,0.4303927531943674,0.005895878780732267,7.214163204594115e-06
168688.0,0.43022708346368127,0.005893203368555045,7.16837506331558e-06
168972.0,0.42961659302972277,0.005883356572591795,7.114223507187489e-06
169105.0,0.4293309922541368,0.005878756525419743,7.15375168169885e-06
169295.0,0.4289233204670717,0.005872197493746109,7.10376187385009e-06
170859.0,0.42558221250676737,0.00581875734618115,7.0825982874112015e-06
171358.0,0.4245217057675859,0.005801911149532656,7.021000470786021e-06
172127.0,0.4228925497954905,0.0057761399212134515,6.949259955035814e-06
172376.0,0.42236637486741135,0.005767844268204758,6.899197217080655e-06
172728.0,0.42162366196992535,0.005756157649645708,6.8455054247351654e-06
172774.0,0.4215266994363839,0.005754633918963245,6.804299957252624e-06
172818.0,0.42143397353091605,0.005753177192104339,6.7634311733399954e-06
173465.0,0.4200728340538428,0.005731841526045488,6.699582058899978e-06
173595.0,0.41979987475069114,0.005727573685235461,6.656221302137055e-06
175447.0,0.41593046127078404,0.0056674563322489605,6.629092794696589e-06
177034.0,0.4126431046783078,0.005616936185987992,6.532765354450021e-06
177352.0,0.41198752182938614,0.005606921183508923,6.484488736191452e-06
177556.0,0.41156750775067663,0.005600515247402761,6.44076369837876e-06
178787.0,0.40904208339313414,0.005562168355711791,6.360838980867811e-06
181082.0,0.40437514160751953,0.005492061225498542,6.320563997519457e-06
181505.0,0.4035207898426006,0.0054793319598474555,6.271281989711497e-06
181554.0,0.40342193911167057,0.0054778612238637545,6.2352454648362254e-06
181720.0,0.40308723698604665,0.005472884593282582,6.195455981128362e-06
181753.0,0.4030207329124202,0.005471896340395728,6.160436356594801e-06
182033.0,0.4024568972538028,0.0054635255037370515,6.117354502066519e-06
182117.0,0.40228790042628054,0.0054610192446318175,6.081141322056283e-06
182600.0,0.40131754489676746,0.005446652759546621,6.10502441134031e-06
183263.0,0.3999893765703017,0.005427054954358468,6.122115308926368e-06
183808.0,0.39890088653914263,0.00541105044722332,6.070933977753157e-06
183960.0,0.3985978362814292,0.0054066036256683915,6.033121721316093e-06
183969.0,0.3985798997375303,0.005406340556204317,6.000211058676541e-06
184032.0,0.3984543665277973,0.005404499786522258,6.036768951389604e-06
186868.0,0.39284414009528634,0.0053229146151266594,5.913505972898747e-06
187443.0,0.39171633237342146,0.00530667261013999,5.86408084757295e-06
187624.0,0.391361988571516,0.005301580401117573,5.827364859101181e-06
187891.0,0.39083986760475603,0.005294086505373498,5.85608368908197e-06
187912.0,0.3907988314705016,0.005293497996411009,5.824433543466512e-06
187971.0,0.39068356253004927,0.005291845266444409,5.791793043385951e-06
188329.0,0.3899848627292458,0.005281838925040142,5.750250039682214e-06
189660.0,0.38739812392132433,0.0052449661437435425,5.812372975810831e-06
189682.0,0.3873555123648423,0.005244361000833853,5.78122019589955e-06
190020.0,0.3867014327666775,0.005235081326988415,5.740725413261316e-06
190097.0,0.3865525809987356,0.00523297190940679,5.708371190848993e-06
190958.0,0.3848920448547995,0.005209500044280751,5.65302921984312e-06
191286.0,0.38426133764573833,0.005200613672413345,5.613987056563019e-06
193089.0,0.38081278079090636,0.005152302048555294,5.532910407168856e-06
193426.0,0.38017164995686203,0.005143371480005143,5.4948623073869385e-06
194101.0,0.3788907302039055,0.00512557662737058,5.447687044579652e-06
196103.0,0.37511694387183164,0.005073515235766253,5.36471499401614e-06
197028.0,0.3733860295040511,0.005049816439172437,5.3125651504615234e-06
198529.0,0.37059424963106674,0.005011827913876749,5.3061351366068266e-06
199008.0,0.3697077362104862,0.004999825006124786,5.266897645128665e-06
199079.0,0.36957651292958227,0.00499805076020352,5.238704403609518e-06
199988.0,0.36790059489719934,0.004975446173135576,5.247668809715833e-06
200347.0,0.3672408040193446,0.004966574950582579,5.212249263308877e-06
201123.0,0.36581866687457804,0.004947506951247266,5.166450421256741e-06
201321.0,0.36545668470015474,0.0049426650850138395,5.193470371978037e-06
201342.0,0.36541831366684774,0.004942152109557628,5.167264447436537e-06
203202.0,0.36203566857322966,0.004897135665349338,5.094892728152445e-06
204778.0,0.3591940311563457,0.004859629599031962,5.031112806364035e-06
204880.0,0.3590108884479578,0.004857221960471928,5.004182966672488e-06
205312.0,0.35823625989234864,0.004847051296343869,4.969449051372976e-06
206348.0,0.3563853893322806,0.004822833221604364,4.920652600048925e-06
207409.0,0.3544997661655197,0.004798280296341792,4.926157728846192e-06
207597.0,0.35416669212196233,0.00479395578055188,4.89810217629838e-06
207889.0,0.353649984747859,0.0047872544138485695,4.867806765673777e-06
207892.0,0.35364468002461147,0.004787185661421507,4.844433760808897e-06
208047.0,0.35337071088941974,0.004783636137500837,4.817667786483071e-06
209745.0,0.35038328565003696,0.004745093573245264,4.755990730131998e-06
209966.0,0.3499963249871291,0.004740122769179722,4.728464531922327e-06
210977.0,0.3482315533705805,0.004717515190398913,4.683605951072423e-06
213563.0,0.34375789274461366,0.004660657525563707,4.656515287138063e-06
214062.0,0.34290128372480677,0.004649843532765123,4.624058846047774e-06
215834.0,0.33987658996904385,0.004611844138115508,4.614482207898618e-06
216752.0,0.3383201273442879,0.004592401412622674,4.622638144269331e-06
218270.0,0.3357619915883747,0.004560608202709913,4.5695535675349674e-06
218472.0,0.3354230423276848,0.004556410641952695,4.5445270160371365e-06
218624.0,0.3351682170243309,0.004553257172518361,4.520689358855634e-06
219006.0,0.3345286551069678,0.004545351242017227,4.492291864721665e-06
219986.0,0.3328934700840122,0.004525194017693509,4.452041451941113e-06
220485.0,0.3320639340787967,0.0045149988261003055,4.468915392408235e-06
224886.0,0.3248366588676424,0.0044270314540584815,4.362061844176424e-06
225000.0,0.32465155426914716,0.004424798339815663,4.340560266768989e-06
226981.0,0.3214517458366876,0.004386349679796474,4.283804358351517e-06
227926.0,0.3199364652189916,0.004368242874303811,4.247408170954259e-06
229302.0,0.31774285153809084,0.0043421435425812305,4.20358793462583e-06
229865.0,0.31684966093362416,0.004331554508281932,4.175128722749832e-06
229997.0,0.3166406086296243,0.004329079291416301,4.1546684315107996e-06
230423.0,0.31596688022438835,0.0043211103525161824,4.1290677614824745e-06
230432.0,0.315952661999145,0.004320942311099204,4.111065734946351e-06
230749.0,0.31545227244237967,0.004315031844935016,4.087702961896866e-06
231063.0,0.3149573997142017,0.0043091932328429465,4.064557245442302e-06
231433.0,0.314375265709375,0.004302333585736904,4.040599947074952e-06
231583.0,0.3141395720670211,0.004299558865260424,4.020621233280508e-06
233599.0,0.3109889431507511,0.004262610934449569,4.0107970420422134e-06
233890.0,0.310536782134969,0.0042573300580274085,3.988752851569188e-06
235277.0,0.3083906544845299,0.0042323384516413,3.989545859894861e-06
237026.0,0.3057055293201137,0.004201239365612856,3.943469778278086e-06
238394.0,0.3036216333387709,0.004177231581541649,3.904462218429217e-06
238682.0,0.3031847317391537,0.004172212232091822,3.883480374611281e-06
244047.0,0.29515989556838457,0.004080866449564572,3.7826080756531155e-06
244243.0,0.29487077983778304,0.004077604977940157,3.7641609935690212e-06
244576.0,0.2943802272613144,0.004072075740608775,3.7437288398223245e-06
247875.0,0.28956424240397205,0.004018097511190402,3.716040410495225e-06
249359.0,0.28742362189709886,0.003994280190766822,3.6791706321537276e-06
249537.0,0.2871679280350197,0.003991442347606731,3.661871474491818e-06
250163.0,0.2862704953914408,0.003981494015814494,3.6381648413907897e-06
250951.0,0.28514480588991653,0.0039690414764834295,3.6480606695477036e-06
256722.0,0.2770345063080306,0.0038801649846151457,3.586683888556763e-06
256903.0,0.27678390286847154,0.0038774418189855063,3.570259522689412e-06
257503.0,0.2759547933731621,0.0038684420236593914,3.548161387811888e-06
257621.0,0.2757920276587636,0.003866676977805274,3.532822873353325e-06
263829.0,0.26736291858532585,0.003776035766610782,3.4366676828767595e-06
264356.0,0.26665934290395965,0.003768536488854553,3.4168911895449128e-06
265315.0,0.2653837687987146,0.0037549659424589016,3.423460611884366e-06
266176.0,0.2642437444869761,0.0037428651632824927,3.399614584509436e-06
267093.0,0.2630349571590952,0.0037300628142577924,3.3753055390661757e-06
267268.0,0.262804901660399,0.003727629563084539,3.391600216673396e-06
267533.0,0.26245691488787687,0.0037239509630137193,3.375623066403932e-06
268366.0,0.2613660524082727,0.0037124348003638183,3.352652313992621e-06
268381.0,0.26134645064041295,0.003712228079293192,3.3400198162780725e-06
268910.0,0.2606561009425407,0.003704952409886295,3.3210990295629017e-06
270518.0,0.25856882277475063,0.0036830106402177395,3.289198915013003e-06
270916.0,0.25805478117335207,0.0036776198444366803,3.2722881115887503e-06
271129.0,0.257780098439212,0.003674741298212606,3.2577020050439387e-06
272111.0,0.25651749722193246,0.00366152832192157,3.2340603866032325e-06
273202.0,0.2551220004637343,0.0036469597120360607,3.2093981019443163e-06
273949.0,0.25417089470990506,0.0036370513697135463,3.1890058238559504e-06
280709.0,0.2457234631536978,0.003549774944268533,3.1011606580477746e-06
281415.0,0.24485758633578492,0.003540900946836913,3.0824272414520237e-06
282008.0,0.24413265701876857,0.0035334815039910674,3.0650767541828827e-06
283978.0,0.24173974878507198,0.0035090551167287188,3.0331328559896065e-06
284654.0,0.24092404570968964,0.0035007509110704244,3.0153366878948873e-06
285252.0,0.2402047568874562,0.0034934375775106464,2.9985035183699438e-06
286334.0,0.2389087547594014,0.0034802824597244307,2.9767765283850167e-06
287226.0,0.23784559167128227,0.0034695116662329774,2.9572360205065706e-06
291894.0,0.23235854477132045,0.003414216113051524,2.9000082548691353e-06
292631.0,0.23150387708951142,0.0034056465619997957,2.882852939478653e-06
298335.0,0.22499463326682234,0.0033407497978846373,2.843303718691459e-06
302931.0,0.21988319912988644,0.003290231303260619,2.7909524220604e-06
305477.0,0.21710182008995196,0.003262898236729793,2.782435629455904e-06
306511.0,0.2159822973412153,0.0032519267666092162,2.76403143573134e-06
307416.0,0.21500718286829043,0.0032423844495241797,2.7469587138284624e-06
308359.0,0.21399580766334547,0.003232500856612727,2.7297057556552318e-06
311672.0,0.21048015708696044,0.0031982499176450648,2.6920520639350798e-06
313141.0,0.20893984022093562,0.003183294072706437,2.6708937355124363e-06
313291.0,0.20878319369894077,0.003181774793980082,2.661120817037954e-06
313809.0,0.20824314354397425,0.00317653935096948,2.6482889268208964e-06
316038.0,0.20593515310572919,0.0031542059759586422,2.6213162982458016e-06
316912.0,0.20503717774691868,0.003145534442029373,2.6058643385340474e-06
317057.0,0.20488857929500248,0.0031441004099906937,2.596483241745773e-06
319245.0,0.20265930900673315,0.0031226190030102046,2.5706354875865145e-06
319694.0,0.20220484804516117,0.0031182470462404856,2.5590204728587196e-06
325109.0,0.19680358779064733,0.00306646877721491,2.529504527615245e-06
328679.0,0.19332180242613864,0.0030332627594197976,2.514771438200114e-06
334707.0,0.18758200224692173,0.0029787969234985373,2.481835807088828e-06
337965.0,0.18455103808163734,0.0029501657993179216,2.4506594655804292e-06
338742.0,0.18383544644650676,0.002943418663040375,2.4378414025250095e-06
343598.0,0.17942566219887884,0.002901940527630827,2.3964133077925e-06
349686.0,0.1740462220462131,0.002851561943054308,2.347977300587445e-06
355300.0,0.1692286633058703,0.0028066315089292984,2.321885176570504e-06
357279.0,0.1675623989551412,0.002791128676614249,2.319618801038814e-06
361177.0,0.16432821917359497,0.0027610885315426754,2.2882487087372283e-06
371747.0,0.15586895654986982,0.0026827920353270055,2.217221691580562e-06
371995.0,0.15567579834368875,0.002681008273591532,2.2098030854067474e-06
381682.0,0.14831531406844506,0.0026131425390860798,2.148090686659998e-06
384401.0,0.14631260661648982,0.002594706798131811,2.1273622223816346e-06
384867.0,0.14597209424275592,0.0025915732404513483,2.1192798413949276e-06
387401.0,0.14413429028728184,0.0025746652935118436,2.0999968057822116e-06
389679.0,0.14250191068943208,0.0025596527063208065,2.082376695966559e-06
400388.0,0.135072311274097,0.0024913612050215875,2.021630947979247e-06
401011.0,0.13465221461447247,0.002487500310937539,2.0134691993689557e-06
418689.0,0.12326112164700093,0.002382722403309125,1.923860779129427e-06
430359.0,0.11627463075217645,0.002318260006769319,1.8673524664336583e-06
435673.0,0.11322588809452916,0.002290048365821486,1.8403517287879367e-06
455193.0,0.10269717292371855,0.0021920594837261504,1.7790188024946474e-06
458999.0,0.10076131895462936,0.002173922495315197,1.7604318429675914e-06
462658.0,0.09893464649384429,0.0021567667478329887,1.7427423557592192e-06
462737.0,0.09889557492794226,0.002156399330653648,1.7386874162639288e-06
518755.0,0.07473688867210344,0.0019239871169822646,1.5479501058734968e-06
543068.0,0.06618199787850367,0.001838008921695306,1.4759309294731793e-06
641410.0,0.04047551653495624,0.0015566407070884748,1.2476932624849724e-06
