episode,epsilon,score,average,avg_q_values
0.0,1.0,-111.0,-111.77512545199531,1.4692704677581787
1.0,0.9858158423524046,-82.0,-97.16306128327545,4.90977144241333
2.0,0.9718328750329811,-134.0,-109.54328579771602,6.719254016876221
3.0,0.9580482443263975,-98.0,-106.67525652767984,7.634268760681152
4.0,0.9444591369948698,-165.0,-118.36038727793007,13.675809860229492
5.0,0.9310627797040227,-130.0,-120.4084983157761,8.991559028625488
6.0,0.9178564384568926,-88.0,-115.77998094231941,9.702580451965332
7.0,0.9048374180359595,-111.0,-115.30622959937497,12.690330505371094
8.0,0.8920030614530944,-106.0,-114.29290804573932,16.114582061767578
9.0,0.879350749407306,-109.0,-113.86285621949321,12.808140754699707
10.0,0.8668778997501816,-101.0,-112.7400929448387,13.638602256774902
11.0,0.8545819669589086,-85.0,-110.49351578276503,23.717041015625
12.0,0.8424604416167714,-125.0,-111.67179923253632,13.38890266418457
13.0,0.8305108499010163,-111.0,-111.67641170150651,23.808074951171875
14.0,0.8187307530779818,-106.0,-111.30502217620652,14.122427940368652
15.0,0.8071177470053893,-95.0,-110.30506969457645,23.218151092529297
16.0,0.7956694616416928,-124.0,-111.14775161589492,18.719974517822266
17.0,0.7843835605623898,-51.0,-107.85652380662111,26.77461051940918
18.0,0.7732577404831906,-49.0,-104.79591877303619,22.226150512695312
19.0,0.7622897307899537,-91.0,-104.14907409129708,14.824614524841309
20.0,0.751477293075286,-37.0,-100.95205937148768,14.97817325592041
21.0,0.7408182206817179,-50.0,-98.6683178529993,27.375167846679688
22.0,0.7303103382513573,-40.0,-96.11961229734906,24.63410758972168
23.0,0.7199515012819313,-165.0,-99.01679217977771,12.938413619995117
24.0,0.7097395956891255,-94.0,-98.84651447452269,20.550033569335938
25.0,0.6996725373751304,-141.0,-100.49075615026784,28.553314208984375
26.0,0.6897482718033084,-150.0,-102.35879544490318,21.446352005004883
27.0,0.6799647735788938,-43.0,-100.25916130703419,26.450363159179688
28.0,0.6703200460356393,-73.0,-99.353156168945,21.26721954345703
29.0,0.6608121208283264,-72.0,-98.4611607231882,28.01194953918457
30.0,0.6514390575310556,-57.0,-97.13753399911752,34.79375457763672
31.0,0.6421989432412342,-17.0,-94.63957891444474,19.89656639099121
32.0,0.6330898921891813,-98.0,-94.7539518195944,27.442846298217773
33.0,0.6241100453532709,-57.0,-93.64954333571654,28.354473114013672
34.0,0.6152575700805322,7.0,-90.75744352178708,28.35196304321289
35.0,0.6065306597126334,-17.0,-88.71759242489733,9.12489128112793
36.0,0.5979275332171694,-46.0,-87.56760525815983,28.915979385375977
37.0,0.5894464348241792,-2.0,-85.32753718373456,22.989612579345703
38.0,0.5810856336678201,-46.0,-84.32220505374127,20.092472076416016
39.0,0.5728434234331229,-217.0,-87.64665246056285,16.062179565429688
40.0,0.5647181220077593,-25.0,-86.1257155356216,38.074981689453125
41.0,0.5567080711387471,-97.0,-86.39744970099866,34.536502838134766
42.0,0.5488116360940265,-75.0,-86.14897505208118,31.459043502807617
43.0,0.541027205328834,21.0,-83.69707138381965,42.69163131713867
44.0,0.5333531901568119,0.0,-81.85831384374123,27.12195587158203
45.0,0.5257880244257798,-496.0,-90.86160544183043,5.8688530921936035
46.0,0.5183301641981067,70.0,-87.43059076167125,-28.767364501953125
47.0,0.5109780874356169,-84.0,-87.37904297843829,30.190059661865234
48.0,0.5037302936889633,0.0,-85.60136278497379,33.6554069519043
49.0,0.4965853037914095,-37.0,-84.64113284263925,13.064003944396973
50.0,0.4895416595569531,29.0,-82.40317786913309,-4.795306205749512
51.0,0.48259792348273184,10.0,-80.6184494370345,35.7035026550293
52.0,0.4757526784556506,-193.0,-82.74218659034479,33.62154769897461
53.0,0.4690045274631699,-23.0,-81.63840549768157,60.39149475097656
54.0,0.4623520933081963,-26.0,-80.64472548040806,54.00537109375
55.0,0.4557940183280172,-16.0,-79.50601356339705,47.51390075683594
56.0,0.44932896411722156,52.0,-77.19205960419676,57.9512825012207
57.0,0.4429556112545522,-203.0,-79.37403875783626,22.17340087890625
58.0,0.4366726590336306,-3.0,-78.08079568343778,15.716615676879883
59.0,0.43047882519750297,-187.0,-79.90202109708237,70.3520278930664
60.0,0.42437284567695,16.0,-78.3212079877309,54.215415954589844
61.0,0.4183534743325094,70.0,-75.91518503236604,22.973852157592773
62.0,0.4124194827001579,69.0,-73.60753998520684,34.06138229370117
63.0,0.4065696597405991,-35.0,-73.00849903174888,68.40152740478516
64.0,0.40080281159210923,-48.0,-72.63331493068988,62.64018249511719
65.0,0.3951177613268873,-17.0,-71.80228961982172,65.88032531738281
66.0,0.3895133487108618,-196.0,-73.66844792519939,145.11767578125
67.0,0.38398842996690413,28.0,-72.1668061623788,40.552547454833984
68.0,0.37854187754140095,-28.0,-71.52907360431217,68.18666076660156
69.0,0.37317257987413693,3.0,-70.45877842411265,45.900657653808594
70.0,0.36787944117144233,-31.0,-69.9090836676219,80.55574035644531
71.0,0.3626613811825573,-32.0,-69.39194223542255,97.73328399658203
72.0,0.35751733497916927,12.0,-68.26393578623886,84.18096160888672
73.0,0.3524462527380765,7.0,-67.24681472803287,87.07709503173828
74.0,0.3474470995269354,-39.0,-66.87157771570769,100.57122039794922
75.0,0.34251885509304564,-83.0,-67.0893350030013,118.36424255371094
76.0,0.337660513655132,123.0,-64.61573672912996,39.690731048583984
77.0,0.33287108369807955,-408.0,-69.02083895583664,29.257068634033203
78.0,0.32814958777058006,-108.0,-69.52452428092771,151.11373901367188
79.0,0.3234950622856487,99.0,-67.41604330911439,41.00619125366211
80.0,0.31890655732397044,-263.0,-69.83544049356138,39.28654861450195
81.0,0.3143831364400353,73.0,-68.09059857504363,49.02619934082031
82.0,0.3099238764710244,125.0,-65.7620126371274,50.541419982910156
83.0,0.3055278673484055,-67.0,-65.77935646346641,118.83888244628906
84.0,0.30119421191220214,-46.0,-65.55630907352774,112.86451721191406
85.0,0.2969220257278962,34.0,-64.39797765225201,132.41561889648438
86.0,0.2927104369059283,-257.0,-66.6203833154046,98.68436431884766
87.0,0.2885585859237581,112.0,-64.58426888530903,56.00920867919922
88.0,0.28446562545044835,43.0,-63.36780121048973,69.86031341552734
89.0,0.2804307201737374,96.0,-61.58927555050355,63.334190368652344
90.0,0.2764530466295643,112.0,-59.672804004029885,62.91728591918945
91.0,0.2725317930340126,-93.0,-60.042981414242085,122.70811462402344
92.0,0.26866615911763636,-238.0,-61.958683443563245,125.5217514038086
93.0,0.26485535596213783,221.0,-58.9455899277109,76.13707733154297
94.0,0.2610986058393609,139.0,-56.85603223045777,67.25902557373047
95.0,0.257395142052568,36.0,-55.88283475847835,144.37762451171875
96.0,0.2537442087799692,101.0,-54.255446697283,67.98798370361328
97.0,0.2501450609204698,-76.0,-54.481209478025036,128.952880859375
98.0,0.2465969639416065,-29.0,-54.23304130736073,153.5354766845703
99.0,0.2430991937296403,-17.0,-53.861189912328925,135.8027801513672
100.0,0.2396510364417758,44.0,-52.30158389812047,60.017024993896484
101.0,0.23625178836047603,-212.0,-53.600017504683606,152.7993927001953
102.0,0.2329007557498447,105.0,-51.19848472499186,71.2190933227539
103.0,0.22959725471404477,45.0,-49.761782443510725,102.2759017944336
104.0,0.22634061105772565,-190.0,-50.01357397216246,147.61279296875
105.0,0.22313016014842982,118.0,-47.522390689417634,67.02310180664062
106.0,0.2199652467809513,-338.0,-50.02338022525944,102.34839630126953
107.0,0.21684522504361808,-13.0,-49.03904202139691,150.3612823486328
108.0,0.21376945818647108,-267.0,-50.65269793510054,130.61245727539062
109.0,0.21073731849131314,50.0,-49.04426153511499,92.9980239868164
110.0,0.20774818714360085,-138.0,-49.41184784897226,96.09403991699219
111.0,0.20480145410615389,-320.0,-51.75661719037755,48.986328125
112.0,0.20189651799465538,-360.0,-54.10842281792403,126.74208068847656
113.0,0.19903278595491863,-206.0,-55.05587178063988,130.92315673828125
114.0,0.19620967354189398,-7.0,-54.072694779559725,149.402099609375
115.0,0.19342660460039254,11.0,-53.000068975446865,125.67176818847656
116.0,0.19068301114750144,49.0,-51.260665013146216,141.36241149902344
117.0,0.1879783332566671,-314.0,-53.88432679518564,68.48065185546875
118.0,0.18531201894342234,-195.0,-55.34278276679068,187.2877655029297
119.0,0.18268352405273466,131.0,-53.110833677001985,74.72633361816406
120.0,0.1800923121479524,119.0,-51.54432507525755,62.61628723144531
121.0,0.17753785440132586,-40.0,-51.43881550256263,158.63555908203125
122.0,0.17501962948608163,-92.0,-51.96612344940891,142.74542236328125
123.0,0.17253712347002734,-115.0,-51.4662111643031,134.7692413330078
124.0,0.17008982971066583,-27.0,-50.79364407716655,126.90579986572266
125.0,0.16767724875179707,118.0,-48.19598124439473,67.45072174072266
126.0,0.16529888822158653,186.0,-44.82594728795293,74.30463409423828
127.0,0.1629542627320793,-2.0,-44.41278182026576,108.74890899658203
128.0,0.16064289378013982,-35.0,-44.02349788094122,143.86724853515625
129.0,0.15836430964979642,-15.0,-43.45331001399151,99.87696838378906
130.0,0.15611804531597107,8.0,-42.79431626845202,139.76890563964844
131.0,0.1539036423495749,17.0,-42.451299830341476,148.90182495117188
132.0,0.15172064882394942,-20.0,-41.66884288429294,122.68608093261719
133.0,0.14956861922263506,-278.0,-43.87796279748517,101.10633850097656
134.0,0.147447114348448,-59.0,-44.54732402550021,114.7148666381836
135.0,0.1453557012338466,-27.0,-44.64745896261866,150.4185333251953
136.0,0.14329395305256898,-106.0,-45.254698234186804,138.3560028076172
137.0,0.14126144903252422,-20.0,-45.4338966200446,124.1997299194336
138.0,0.13925777436991912,-25.0,-45.23070788734875,125.00930786132812
139.0,0.13728252014460293,-14.0,-43.20329852513813,121.3534164428711
140.0,0.1353352832366127,21.0,-42.73507254341336,124.82461547851562
141.0,0.1334156662439026,5.0,-41.70959111416447,124.90180969238281
142.0,0.13152327740124015,-109.0,-42.04816331734266,125.979736328125
143.0,0.12965773050025253,37.0,-41.88703886328078,77.4903564453125
144.0,0.12781864481060753,92.0,-40.95719719184074,74.83039855957031
145.0,0.12600564500231182,-96.0,-36.966852305228116,113.83489227294922
146.0,0.1242183610691121,-167.0,-39.34870323705001,123.000732421875
147.0,0.1224564282529819,-325.0,-41.75820726639689,139.55899047851562
148.0,0.12071948696968016,-254.0,-44.303592682728656,113.15455627441406
149.0,0.11900718273536538,191.0,-42.01469061341485,66.39956665039062
150.0,0.11731916609425078,-256.0,-44.87094026408778,100.73802947998047
151.0,0.11565509254728551,-289.0,-47.873189581578075,111.6949462890625
152.0,0.11401462248184759,-64.0,-46.586367169611854,96.552978515625
153.0,0.11239742110243399,-37.0,-46.73338975194317,77.56788635253906
154.0,0.11080315836233387,-67.0,-47.14073737678319,105.87114715576172
155.0,0.10923150889627105,-59.0,-47.5694588332214,122.30796813964844
156.0,0.10768215195400163,254.0,-45.54744232774351,76.53164672851562
157.0,0.10615477133485376,211.0,-41.39642819302076,84.12555694580078
158.0,0.10464905532319577,83.0,-40.53278592325073,68.5272216796875
159.0,0.10316469662481963,91.0,-37.74179661628039,87.77693176269531
160.0,0.10170139230422684,105.0,-36.851317664998696,57.626258850097656
161.0,0.10025884372280375,-499.0,-42.55842645456226,132.7231903076172
162.0,0.09883675647787384,45.0,-42.802632098417064,76.4433822631836
163.0,0.09743484034261468,65.0,-41.79842543199314,55.55313491821289
164.0,0.09605280920682677,146.0,-39.84865683399071,65.2366714477539
165.0,0.09469038101854274,-24.0,-39.91700130492749,148.42723083496094
166.0,0.09334727772646485,-41.0,-38.362559881259195,108.79312133789062
167.0,0.09202322522321882,-142.0,-40.07019354059259,77.71123504638672
168.0,0.09071795328941251,98.0,-38.802936769403516,64.92112731933594
169.0,0.0894311955384883,19.0,-38.64442836994134,142.40843200683594
170.0,0.08816268936235745,12.0,-38.20850864626224,145.6929931640625
171.0,0.08691217587780577,76.0,-37.11295686877411,52.84428787231445
172.0,0.08567939987365944,23.0,-37.011539802157955,133.92327880859375
173.0,0.0844641097587001,119.0,-35.88568091561618,54.57816696166992
174.0,0.0832660575103189,119.0,-34.30073236460397,54.00542068481445
175.0,0.0820849986238988,-83.0,-34.29713553533619,73.17591857910156
176.0,0.08092069206291477,-201.0,-37.54372214563584,59.43825149536133
177.0,0.07977290020974187,-84.0,-34.30851480110696,132.0076446533203
178.0,0.078641388817161,-332.0,-36.54322158092828,71.87310791015625
179.0,0.07752592696055255,-234.0,-39.87913377263436,124.44487762451172
180.0,0.07642628699076807,-441.0,-41.663726695903094,212.880859375
181.0,0.07534224448767067,-59.0,-42.99276540335546,140.0026397705078
182.0,0.07427357821433388,175.0,-42.486281483285914,85.85364532470703
183.0,0.07322007007189076,-110.0,-42.92406384295797,110.53866577148438
184.0,0.07218150505502309,-86.0,-43.322690756228546,98.675537109375
185.0,0.07115767120808195,-288.0,-46.55296562095546,119.0858383178711
186.0,0.07014835958183076,-149.0,-45.469512963964945,139.39073181152344
187.0,0.06915336419080186,-108.0,-47.68042115529103,95.42782592773438
188.0,0.06817248197125796,-147.0,-49.5916084271676,93.34966278076172
189.0,0.06720551273974976,-249.0,-53.054769487207615,159.44454956054688
190.0,0.06625225915226167,-377.0,-57.960304592402906,103.49241638183594
191.0,0.06531252666393665,-493.0,-61.96194976705473,65.10968017578125
192.0,0.0643861234893726,-209.0,-61.67278816538143,84.11183166503906
193.0,0.0634728605634818,-443.0,-68.31752344991233,130.50979614257812
194.0,0.06257255150290554,-12.0,-69.84252004835035,93.85832977294922
195.0,0.061685012567976046,-292.0,-73.13062034477021,126.39521789550781
196.0,0.06081006262521797,-20.0,-74.35074065693142,144.79368591308594
197.0,0.05994752311038171,-109.0,-74.68315098695388,130.32513427734375
198.0,0.0590972179920012,-84.0,-75.23088112355293,148.44068908691406
199.0,0.058258973735468345,-66.0,-75.72393674753442,101.02101135253906
200.0,0.05743261926761735,-310.0,-79.26805063174382,125.61296081542969
201.0,0.05661798594181114,-49.0,-77.63864761879114,150.77520751953125
202.0,0.05581490750352316,-15.0,-78.8513427270515,151.56121826171875
203.0,0.05502322005640723,209.0,-77.21570736426031,113.40499114990234
204.0,0.054242762028848826,-237.0,-77.69004867677654,111.34872436523438
205.0,0.05347337414099063,173.0,-77.13950889577555,85.4598617553711
206.0,0.052714899372225954,129.0,-72.46730331846594,112.61138153076172
207.0,0.05196718292915318,-55.0,-72.88850314113067,98.4821548461914
208.0,0.051230072213984644,-168.0,-71.89516064720425,118.08905029296875
209.0,0.050503416793403796,-4.0,-72.44739415230048,120.19853210449219
210.0,0.05,-20.0,-71.27087460126553,129.57876586914062
211.0,0.05,285.0,-65.21477711559021,102.44440460205078
212.0,0.05,223.0,-59.368387133815304,97.11543273925781
213.0,0.05,214.0,-55.163466047354994,91.28302764892578
214.0,0.05,206.0,-53.022474866488956,116.4820327758789
215.0,0.05,-213.0,-55.278790885427654,144.2451629638672
216.0,0.05,248.0,-53.28190895312262,88.3318862915039
217.0,0.05,-94.0,-51.086335050988026,102.9408950805664
218.0,0.05,215.0,-46.971297350336464,106.7491683959961
219.0,0.05,-304.0,-51.33140086313345,89.8703384399414
220.0,0.05,170.0,-50.819954247174365,119.30870819091797
221.0,0.05,-83.0,-51.256886198612605,123.6480712890625
222.0,0.05,-75.0,-51.085783040867504,122.273193359375
223.0,0.05,6.0,-49.86214678671388,128.69015502929688
224.0,0.05,-47.0,-50.05898611826018,131.05520629882812
225.0,0.05,-211.0,-53.351517277204934,139.8059539794922
226.0,0.05,-85.0,-56.06377802588251,183.68190002441406
227.0,0.05,-76.0,-56.80382359429523,169.08029174804688
228.0,0.05,8.0,-56.36543646637861,118.86170959472656
229.0,0.05,-192.0,-58.134636758651375,137.7001495361328
230.0,0.05,125.0,-56.961871358198344,104.21476745605469
231.0,0.05,-89.0,-58.02681727039114,124.74862670898438
232.0,0.05,-172.0,-59.55316603023133,102.91009521484375
233.0,0.05,-52.0,-57.299951156761274,105.7851333618164
234.0,0.05,-121.0,-57.9206688033805,105.78264617919922
235.0,0.05,238.0,-55.26131966846074,93.37081146240234
236.0,0.05,-80.0,-54.99429952825148,157.40435791015625
237.0,0.05,92.0,-53.86742404443881,101.5669937133789
238.0,0.05,-135.0,-54.95943424804212,114.84100341796875
239.0,0.05,255.0,-52.25705957539916,103.67488861083984
240.0,0.05,-42.0,-52.896257040103706,139.4049072265625
241.0,0.05,11.0,-52.83550967804083,136.3090362548828
242.0,0.05,-269.0,-54.439626720554195,111.05302429199219
243.0,0.05,-380.0,-58.6209878823323,167.8739471435547
244.0,0.05,-163.0,-61.17528784424065,171.37583923339844
245.0,0.05,-272.0,-62.928528966129775,178.22569274902344
246.0,0.05,206.0,-59.18404485386382,101.17622375488281
247.0,0.05,-192.0,-57.85426397680554,129.64779663085938
248.0,0.05,247.0,-52.8359056939682,108.43000030517578
249.0,0.05,119.0,-53.557597648437245,84.71025848388672
250.0,0.05,-184.0,-52.83648475599605,77.65965270996094
251.0,0.05,94.0,-48.99239745788074,85.92866516113281
252.0,0.05,-16.0,-48.51595923851576,126.11685943603516
253.0,0.05,116.0,-46.97675640218945,72.05833435058594
254.0,0.05,256.0,-43.737393909223464,114.09922790527344
255.0,0.05,-427.0,-47.411837845898184,39.87327575683594
256.0,0.05,95.0,-49.00370143780625,91.38082122802734
257.0,0.05,-68.0,-51.80564190740768,124.74540710449219
258.0,0.05,-115.0,-53.7956940621856,61.43265914916992
259.0,0.05,114.0,-53.56757883917632,84.5850830078125
260.0,0.05,24.0,-54.381806027815394,129.38519287109375
261.0,0.05,16.0,-49.21387750568061,126.18353271484375
262.0,0.05,148.0,-48.18028358410395,71.94393157958984
263.0,0.05,-57.0,-49.409975728147785,160.25222778320312
264.0,0.05,-93.0,-51.813511184397235,147.6985321044922
265.0,0.05,-90.0,-52.47606115215963,114.62748718261719
266.0,0.05,-51.0,-52.57540266499004,129.3524169921875
267.0,0.05,-164.0,-52.794790245074815,71.00653076171875
268.0,0.05,-81.0,-54.59194214334582,98.06878662109375
269.0,0.05,-227.0,-57.06121146252719,113.03962707519531
270.0,0.05,54.0,-56.634327415981616,86.37943267822266
271.0,0.05,23.0,-57.17088361781972,130.73638916015625
272.0,0.05,-170.0,-59.10370246773629,133.34678649902344
273.0,0.05,155.0,-58.74360758785685,72.11518859863281
274.0,0.05,-103.0,-60.96949313288108,139.52149963378906
275.0,0.05,-56.0,-60.706485364829085,150.76475524902344
276.0,0.05,-17.0,-58.86897899333906,153.7500762939453
277.0,0.05,-27.0,-58.29389426721751,125.87841033935547
278.0,0.05,36.0,-54.6012163882157,96.69068145751953
279.0,0.05,-80.0,-53.063950800785065,126.73556518554688
280.0,0.05,-44.0,-49.08574488957054,84.0305404663086
281.0,0.05,255.0,-45.931448667486386,79.40690612792969
282.0,0.05,-20.0,-47.89821219102573,105.26608276367188
283.0,0.05,16.0,-46.626128470446446,89.90347290039062
284.0,0.05,258.0,-43.17232936768965,62.34995651245117
285.0,0.05,-312.0,-43.405317864605365,137.36643981933594
286.0,0.05,-232.0,-44.24118437291505,98.68383026123047
287.0,0.05,-143.0,-44.593644783434776,141.9167022705078
288.0,0.05,-227.0,-45.39847663008859,128.6621551513672
289.0,0.05,272.0,-40.18104079846116,112.56514739990234
290.0,0.05,223.0,-34.172902636617096,94.59477996826172
291.0,0.05,221.0,-27.023403540631797,119.98504638671875
292.0,0.05,184.0,-23.084492426474895,76.91118621826172
293.0,0.05,232.0,-16.322515925477056,84.77880096435547
294.0,0.05,121.0,-14.976684327619154,73.67741394042969
295.0,0.05,265.0,-9.396968614542036,99.35166931152344
296.0,0.05,122.0,-7.973616126582681,52.454280853271484
297.0,0.05,-156.0,-8.443047155265509,102.72289276123047
298.0,0.05,-82.0,-8.423965435285547,112.87796783447266
299.0,0.05,1.0,-7.745555775344812,85.92937469482422
300.0,0.05,271.0,-1.9312849835623709,76.34891510009766
301.0,0.05,-164.0,-3.0866957758383746,112.42915344238281
302.0,0.05,272.0,-0.20431197737995804,75.37896728515625
303.0,0.05,14.0,-2.150604097345208,102.57547760009766
304.0,0.05,-125.0,-1.0326375159951382,90.43047332763672
305.0,0.05,239.0,-0.37167033116180337,86.54476928710938
306.0,0.05,235.0,0.6920509870462345,57.81761169433594
307.0,0.05,194.0,3.190797296652513,80.48892974853516
308.0,0.05,-163.0,3.2355491875618774,148.17628479003906
309.0,0.05,-231.0,0.9659744545278175,100.98466491699219
310.0,0.05,217.0,3.3503976812239755,82.78359985351562
311.0,0.05,-52.0,-0.030371111101464336,107.95989990234375
312.0,0.05,219.0,-0.07278292264656834,85.99618530273438
313.0,0.05,228.0,0.07657300456055176,58.30533218383789
314.0,0.05,-162.0,-3.6139119823724566,93.959228515625
315.0,0.05,128.0,-0.19632590911627368,98.47784423828125
316.0,0.05,260.0,-0.08170863947362526,58.04906463623047
317.0,0.05,188.0,2.748195315207919,84.29810333251953
318.0,0.05,252.0,3.1138783051644285,84.64356994628906
319.0,0.05,279.0,8.955530071403151,107.8340835571289
320.0,0.05,163.0,8.879217448840377,58.34341049194336
321.0,0.05,251.0,12.236055979763137,89.08502197265625
322.0,0.05,-532.0,7.671021712579365,125.03129577636719
323.0,0.05,242.0,10.024074959489534,79.12674713134766
324.0,0.05,278.0,13.280477099544845,99.07051086425781
325.0,0.05,266.0,18.05143066943478,84.30443572998047
326.0,0.05,258.0,21.488111323478673,90.19940948486328
327.0,0.05,265.0,24.906874385430676,93.19950103759766
328.0,0.05,248.0,27.30728314872882,85.42219543457031
329.0,0.05,-307.0,26.153201394120007,114.21058654785156
330.0,0.05,20.0,25.09633502340287,111.39177703857422
331.0,0.05,269.0,28.68220603563348,83.14774322509766
332.0,0.05,286.0,33.27323366889368,75.04673767089844
333.0,0.05,248.0,36.28711431981817,80.7341079711914
334.0,0.05,273.0,40.236879700172906,84.99695587158203
335.0,0.05,279.0,40.64967013198653,81.31745147705078
336.0,0.05,255.0,44.007659163117744,83.59416961669922
337.0,0.05,229.0,45.376149466543716,98.93424987792969
338.0,0.05,-496.0,41.76366021971771,154.56700134277344
339.0,0.05,-270.0,36.50390708462552,79.86201477050781
340.0,0.05,243.0,39.36754163726255,97.32266998291016
341.0,0.05,291.0,42.17558668545322,81.01053619384766
342.0,0.05,280.0,47.67886759408978,91.7763900756836
343.0,0.05,281.0,54.293007075446155,88.36555480957031
344.0,0.05,144.0,57.367197367355,81.6775131225586
345.0,0.05,262.0,62.711480224871586,95.4437484741211
346.0,0.05,300.0,63.65170069637894,102.67194366455078
347.0,0.05,230.0,67.8899955180669,91.44346618652344
348.0,0.05,229.0,67.71489447750172,93.22320556640625
349.0,0.05,269.0,69.21659167279788,103.40245056152344
350.0,0.05,292.0,73.97739803952422,107.91667175292969
351.0,0.05,279.0,75.82624700066233,81.3062744140625
352.0,0.05,248.0,78.47927127750192,105.53804779052734
353.0,0.05,276.0,80.08198526750873,103.37552642822266
354.0,0.05,175.0,79.27680755661828,84.24392700195312
355.0,0.05,25.0,83.80417606865056,102.81748962402344
356.0,0.05,-215.0,80.69219746250155,98.00543975830078
357.0,0.05,268.0,84.06184624624696,79.90616607666016
358.0,0.05,270.0,87.92710750076095,107.73399353027344
359.0,0.05,238.0,89.16988554056802,99.85124206542969
360.0,0.05,284.0,91.77302666242107,104.5418701171875
361.0,0.05,253.0,94.14152697737521,97.5662841796875
362.0,0.05,247.0,95.13333892025983,79.09947967529297
363.0,0.05,250.0,98.21615268127067,82.4637222290039
364.0,0.05,281.0,101.96693169322057,93.99292755126953
365.0,0.05,278.0,105.6637104763996,80.29672241210938
366.0,0.05,264.0,108.82439645524752,90.74911499023438
367.0,0.05,-230.0,108.1578995995062,113.3938217163086
368.0,0.05,-202.0,106.94122496609084,140.0412139892578
369.0,0.05,-139.0,107.82606804234378,79.3795166015625
370.0,0.05,37.0,107.65411431922013,104.06421661376953
371.0,0.05,287.0,110.29989774655002,90.6592025756836
372.0,0.05,238.0,114.3900010794319,85.83040618896484
373.0,0.05,24.0,113.08018325435731,102.07282257080078
374.0,0.05,222.0,116.33845502457483,72.0436019897461
375.0,0.05,266.0,119.57456996134316,91.44287872314453
376.0,0.05,301.0,122.76083293812665,110.31554412841797
377.0,0.05,286.0,125.89326810062676,95.995361328125
378.0,0.05,237.0,127.89987073497012,84.43791198730469
379.0,0.05,255.0,131.25931340628887,74.85767364501953
380.0,0.05,8.0,131.7797891543519,102.12201690673828
381.0,0.05,312.0,132.34399125562027,100.60234069824219
382.0,0.05,287.0,135.42578693437864,100.15779876708984
383.0,0.05,277.0,138.03902285071322,95.30595397949219
384.0,0.05,262.0,138.08192944295644,100.7723388671875
385.0,0.05,-157.0,139.6313740893024,105.99830627441406
386.0,0.05,241.0,144.3792373280292,71.49201965332031
387.0,0.05,269.0,148.51286062708564,95.91057586669922
388.0,0.05,-122.0,149.56846000663197,85.69596862792969
389.0,0.05,273.0,149.5793506934288,100.56417846679688
390.0,0.05,137.0,148.72159668921265,59.75261306762695
391.0,0.05,257.0,149.08591768144808,84.09989929199219
392.0,0.05,291.0,150.15882710348555,103.16624450683594
393.0,0.05,228.0,150.1132819610105,98.52887725830078
394.0,0.05,281.0,151.7148967395667,102.52389526367188
395.0,0.05,286.0,151.92338782989293,102.67279052734375
396.0,0.05,254.0,153.24665434888715,96.46172332763672
397.0,0.05,246.0,157.2793889702598,102.4744873046875
398.0,0.05,264.0,160.74786948526676,83.16184997558594
399.0,0.05,249.0,163.23004971419343,108.29229736328125
400.0,0.05,271.0,163.2369391284705,89.6017074584961
401.0,0.05,221.0,167.10474244762983,92.749755859375
402.0,0.05,288.0,167.26529731703417,109.08931732177734
403.0,0.05,-7.0,167.0468963298588,113.60903930664062
404.0,0.05,-8.0,168.2196370841672,118.90142822265625
405.0,0.05,276.0,168.58501615484184,110.94425964355469
406.0,0.05,243.0,168.6670133573738,98.37845611572266
407.0,0.05,280.0,169.52567140213586,90.63294219970703
408.0,0.05,231.0,173.47501149165203,100.1065444946289
409.0,0.05,-62.0,175.16389286263313,108.01055145263672
410.0,0.05,209.0,175.07966083231045,88.35172271728516
411.0,0.05,258.0,178.19449644508708,86.9240951538086
412.0,0.05,-7.0,175.92824486560886,120.20289611816406
413.0,0.05,273.0,176.370679835206,98.40563201904297
414.0,0.05,-31.0,177.6867845616691,79.94068908691406
415.0,0.05,-5.0,176.35303438473522,112.52989196777344
416.0,0.05,257.0,176.32809523129143,108.7149658203125
417.0,0.05,208.0,176.5311601653444,97.385009765625
418.0,0.05,311.0,177.12382752303003,121.49745178222656
419.0,0.05,7.0,174.39946239343442,109.18060302734375
420.0,0.05,268.0,175.4555659951723,81.74122619628906
421.0,0.05,133.0,174.274481067979,84.12582397460938
422.0,0.05,276.0,182.3601996238295,98.3703384399414
423.0,0.05,-174.0,178.19897356556982,133.8637237548828
424.0,0.05,114.0,176.5561361207654,84.04319763183594
425.0,0.05,155.0,175.44659470138112,119.89300537109375
426.0,0.05,-132.0,171.53674322972918,90.16836547851562
427.0,0.05,263.0,171.5178223556903,104.71833801269531
428.0,0.05,137.0,170.40557319346345,117.07804107666016
429.0,0.05,-76.0,172.72401504456067,141.59698486328125
430.0,0.05,-24.0,172.28197708139837,143.8328857421875
431.0,0.05,-164.0,167.94561591481946,147.50164794921875
432.0,0.05,263.0,167.71355306897414,100.18272399902344
433.0,0.05,-75.0,164.47429745603822,140.06787109375
434.0,0.05,37.0,162.1178112959841,132.69471740722656
435.0,0.05,-100.0,158.31335989030111,119.37542724609375
436.0,0.05,-65.0,155.0985422271803,263.3815612792969
437.0,0.05,11.0,152.919431430958,147.7880096435547
438.0,0.05,224.0,160.12603644125025,87.2651596069336
439.0,0.05,-18.0,162.64039094253553,132.8760986328125
440.0,0.05,242.0,162.62072228774718,88.06234741210938
441.0,0.05,246.0,162.1626605972098,102.61991882324219
442.0,0.05,270.0,162.0603522740918,106.1718521118164
443.0,0.05,-337.0,155.869747428229,77.73098754882812
444.0,0.05,231.0,156.74283245735558,130.79884338378906
445.0,0.05,-111.0,153.00401173386916,123.83939361572266
446.0,0.05,245.0,152.44789974979957,111.00958251953125
447.0,0.05,249.0,152.63766590715971,81.70978546142578
448.0,0.05,260.0,152.94357933537378,99.76336669921875
449.0,0.05,-164.0,148.60350571688943,202.6398468017578
450.0,0.05,-3.0,145.65050689967757,122.3443832397461
451.0,0.05,246.0,145.32299086330684,88.71397399902344
452.0,0.05,-211.0,140.72561220646287,114.6748275756836
453.0,0.05,-255.0,135.4118946511219,253.06317138671875
454.0,0.05,216.0,135.81797100329297,90.9549789428711
455.0,0.05,123.0,136.7967193234452,75.44880676269531
456.0,0.05,112.0,140.0825854792777,75.0063705444336
457.0,0.05,263.0,140.03610275552728,100.43363189697266
458.0,0.05,7.0,137.39972734067408,98.55076599121094
459.0,0.05,252.0,137.53430089288335,76.38677215576172
460.0,0.05,-135.0,133.3310165013889,107.7768783569336
461.0,0.05,95.0,131.7487073071138,70.50525665283203
462.0,0.05,156.0,130.8370597596206,171.19374084472656
463.0,0.05,97.0,129.30358586156567,74.80635070800781
464.0,0.05,-117.0,125.31421679495573,66.80984497070312
465.0,0.05,-197.0,120.55339331356019,91.40379333496094
466.0,0.05,253.0,120.44512620012479,93.28096771240234
467.0,0.05,107.0,123.82958086303302,71.0059814453125
468.0,0.05,-337.0,122.48318367322702,142.86924743652344
469.0,0.05,225.0,126.128395288459,94.85227966308594
470.0,0.05,124.0,126.99299264996135,75.60623168945312
471.0,0.05,284.0,126.95583940006051,108.60890197753906
472.0,0.05,-29.0,124.27153833757511,155.40464782714844
473.0,0.05,123.0,125.26238677498252,70.30205535888672
474.0,0.05,-349.0,119.5459997711341,56.524471282958984
475.0,0.05,-118.0,115.69053822846705,80.71855926513672
476.0,0.05,-13.0,112.53996356620667,165.72113037109375
477.0,0.05,-217.0,107.50500722220892,121.4438705444336
478.0,0.05,92.0,106.05011226762758,81.88289642333984
479.0,0.05,-89.0,102.60569564090343,138.2451171875
480.0,0.05,-5.0,102.46872370665477,178.22879028320312
481.0,0.05,-18.0,99.16553061396706,174.31863403320312
482.0,0.05,-36.0,95.92586110907986,162.39767456054688
483.0,0.05,46.0,93.61988301030772,195.01123046875
484.0,0.05,-3.0,90.95871351087068,211.3843994140625
485.0,0.05,-117.0,91.35637333184721,159.32061767578125
486.0,0.05,-34.0,88.59627911407975,147.89892578125
487.0,0.05,-370.0,82.19065980113504,164.08924865722656
488.0,0.05,-76.0,82.64472173949099,168.24203491210938
489.0,0.05,-75.0,79.15711725776151,190.01724243164062
490.0,0.05,-222.0,75.55426769010337,169.58798217773438
491.0,0.05,6.0,73.04727400239672,213.1145782470703
492.0,0.05,-299.0,67.13164055049313,170.16441345214844
493.0,0.05,-19.0,64.65215194055818,131.63729858398438
494.0,0.05,-52.0,61.304963202459945,120.4500961303711
495.0,0.05,-17.0,58.268680418764866,140.8703155517578
496.0,0.05,-73.0,54.985886954470764,104.09834289550781
497.0,0.05,-93.0,51.58417152546136,142.79531860351562
498.0,0.05,-17.0,48.77014479886095,128.28659057617188
499.0,0.05,-35.0,45.91948000302739,197.41696166992188
500.0,0.05,-302.0,40.17566124599943,115.79642486572266
501.0,0.05,256.0,40.522331972076714,107.83607482910156
502.0,0.05,-17.0,37.45524707946026,176.4928741455078
503.0,0.05,-195.0,35.57453174189529,246.43243408203125
504.0,0.05,247.0,38.13416562990572,103.15538787841797
505.0,0.05,-64.0,34.726169706286036,110.38087463378906
506.0,0.05,-125.0,31.03004973086542,169.340087890625
507.0,0.05,41.0,28.63943522431926,178.70022583007812
508.0,0.05,-450.0,21.822873448925908,196.24598693847656
509.0,0.05,-354.0,18.897678675968415,154.03651428222656
510.0,0.05,-180.0,15.001292005026322,263.34698486328125
511.0,0.05,-30.0,12.113393318707255,137.38015747070312
512.0,0.05,-86.0,11.325579888845269,198.0279541015625
513.0,0.05,-143.0,7.160864674918639,142.23854064941406
514.0,0.05,-83.0,6.639391682224537,191.73890686035156
515.0,0.05,-233.0,4.358137632060146,103.25865936279297
516.0,0.05,-155.0,0.22472837003977417,98.6953125
517.0,0.05,-292.0,-4.78130117055425,194.63922119140625
518.0,0.05,-78.0,-8.687420630534225,127.54205322265625
519.0,0.05,16.0,-8.59311318332798,202.57925415039062
520.0,0.05,-179.0,-13.079704666725547,123.87039947509766
521.0,0.05,-315.0,-17.570951615008365,126.32965850830078
522.0,0.05,-229.0,-22.630485391191872,165.1621856689453
523.0,0.05,-122.0,-22.116982588543323,217.84329223632812
524.0,0.05,-307.0,-26.3330042222749,151.26979064941406
525.0,0.05,-76.0,-28.65191399655773,177.10670471191406
526.0,0.05,-96.0,-28.29171024642408,137.4323272705078
527.0,0.05,-192.0,-32.85434610738299,108.69126892089844
528.0,0.05,13.0,-34.095531872269056,195.2386474609375
529.0,0.05,-206.0,-35.39732571219628,143.3931121826172
530.0,0.05,-228.0,-37.4450651391399,65.35105895996094
531.0,0.05,-192.0,-37.725321354969005,139.72293090820312
532.0,0.05,-282.0,-43.18402053588427,162.40802001953125
533.0,0.05,-333.0,-45.76959971154805,73.09874725341797
534.0,0.05,-227.0,-48.426165237621035,92.79956817626953
535.0,0.05,-344.0,-50.86703361742038,130.47438049316406
536.0,0.05,-288.0,-53.09431036336977,202.8866424560547
537.0,0.05,-18.0,-53.392916646960394,146.37461853027344
538.0,0.05,-265.0,-58.29603358935338,178.32809448242188
539.0,0.05,-164.0,-59.75041419040808,127.38510131835938
540.0,0.05,-50.0,-62.67400044671263,163.29531860351562
541.0,0.05,-211.0,-67.24688639922437,172.980224609375
542.0,0.05,-27.0,-70.22016462648125,205.1448974609375
543.0,0.05,-58.0,-67.42608742258405,185.54539489746094
544.0,0.05,-64.0,-70.38609902190512,131.80712890625
545.0,0.05,-133.0,-70.60266979339141,130.1155548095703
546.0,0.05,-100.0,-74.06206688888672,151.4468231201172
547.0,0.05,-33.0,-76.90035060808862,173.00303649902344
548.0,0.05,-50.0,-80.00311160996837,177.15655517578125
549.0,0.05,-262.0,-80.98087474781714,152.6170196533203
550.0,0.05,-268.0,-83.63802943184567,162.4248046875
551.0,0.05,199.0,-84.10750645086583,143.6822052001953
552.0,0.05,-665.0,-88.65373672100961,116.51393127441406
553.0,0.05,208.0,-84.01747663952143,121.172119140625
554.0,0.05,-300.0,-89.18086834055438,81.97097778320312
555.0,0.05,-343.0,-93.84745153875855,169.88128662109375
556.0,0.05,-29.0,-95.27086004503738,148.56195068359375
557.0,0.05,-109.0,-98.99716084786299,134.2077178955078
558.0,0.05,218.0,-96.88533717488878,112.9309310913086
559.0,0.05,-136.0,-100.77085059433186,118.72665405273438
560.0,0.05,-352.0,-102.934879101269,134.19203186035156
561.0,0.05,108.0,-102.8090265317101,106.16547393798828
562.0,0.05,-83.0,-105.20592191296531,142.1103515625
563.0,0.05,189.0,-104.28682666149072,145.2694091796875
564.0,0.05,-325.0,-106.36545146412018,136.92486572265625
565.0,0.05,-259.0,-106.98344545786495,175.91542053222656
566.0,0.05,190.0,-107.6170297817984,140.72463989257812
567.0,0.05,198.0,-106.71218656689517,93.50775909423828
568.0,0.05,180.0,-101.52835930844891,88.57420349121094
569.0,0.05,-65.0,-104.43525650242958,143.2613067626953
570.0,0.05,116.0,-104.50684158815629,107.19893646240234
571.0,0.05,109.0,-106.25356696899561,101.98339080810547
572.0,0.05,-109.0,-107.0552084745469,147.7366943359375
573.0,0.05,-48.0,-108.77685160879335,114.54249572753906
574.0,0.05,-596.0,-111.2491455655959,153.28787231445312
575.0,0.05,100.0,-109.0553212599368,133.41795349121094
576.0,0.05,-391.0,-112.82827485297736,175.97744750976562
577.0,0.05,21.0,-110.43864159546341,124.2972183227539
578.0,0.05,198.0,-109.37912829344084,93.4774169921875
579.0,0.05,-72.0,-109.21518970232974,140.67202758789062
580.0,0.05,251.0,-106.64339742242977,108.58113098144531
581.0,0.05,19.0,-106.26717072113092,125.61524963378906
582.0,0.05,285.0,-103.0448280633284,103.85110473632812
583.0,0.05,183.0,-101.68111870951951,88.19100189208984
584.0,0.05,-259.0,-104.24947013226387,68.284912109375
585.0,0.05,-403.0,-107.10728163194644,116.7903823852539
586.0,0.05,262.0,-104.14102879132832,99.18405151367188
587.0,0.05,265.0,-97.77962593611569,92.25984954833984
588.0,0.05,-293.0,-99.94346285204762,93.91744995117188
589.0,0.05,110.0,-98.0852715631348,84.6864242553711
590.0,0.05,23.0,-95.62162194602783,96.96334075927734
591.0,0.05,-316.0,-98.85828513001984,73.0924301147461
592.0,0.05,264.0,-93.22159238426757,103.58358764648438
593.0,0.05,-294.0,-95.97396348112761,76.31010437011719
594.0,0.05,190.0,-93.54467991459558,101.82608032226562
595.0,0.05,-245.0,-95.83037421661285,-10.469378471374512
596.0,0.05,-531.0,-100.41351124427216,84.8860092163086
597.0,0.05,6.0,-99.4134091166305,145.35191345214844
598.0,0.05,226.0,-96.97504192364924,113.87323760986328
599.0,0.05,152.0,-95.0971211483901,120.50349426269531
600.0,0.05,142.0,-90.65066095154147,168.56375122070312
601.0,0.05,-348.0,-96.69815016589916,248.83096313476562
602.0,0.05,-301.0,-99.53493110507449,163.9468994140625
603.0,0.05,-324.0,-100.83072105748235,221.0664520263672
604.0,0.05,-51.0,-103.81652600843299,167.5958251953125
605.0,0.05,216.0,-101.00675575449488,146.8636016845703
606.0,0.05,158.0,-98.16699139473519,98.395263671875
607.0,0.05,164.0,-96.93636219134895,209.4400634765625
608.0,0.05,-24.0,-92.6736748322405,169.56796264648438
609.0,0.05,-196.0,-91.08617278819331,191.2923583984375
610.0,0.05,82.0,-88.4552844387583,99.92432403564453
611.0,0.05,17.0,-87.98000239408105,177.51087951660156
612.0,0.05,-55.0,-87.67641588033706,196.07301330566406
613.0,0.05,-182.0,-88.0665589562891,217.87875366210938
614.0,0.05,-156.0,-88.79557084765844,192.6336212158203
615.0,0.05,-17.0,-86.63319263884252,179.99594116210938
616.0,0.05,-140.0,-86.48250575520001,202.76829528808594
617.0,0.05,-187.0,-85.43568203873595,103.63475799560547
618.0,0.05,-101.0,-85.66477905722148,183.9992218017578
619.0,0.05,-123.0,-87.06944609256662,200.19528198242188
620.0,0.05,-190.0,-87.17447545031472,180.70120239257812
621.0,0.05,-131.0,-85.33278328077924,197.63706970214844
622.0,0.05,-261.0,-85.64771638911581,235.8034210205078
623.0,0.05,-104.0,-85.4680605941924,186.6949005126953
624.0,0.05,-123.0,-83.6297310788317,166.96266174316406
625.0,0.05,-84.0,-83.70152850050977,169.92373657226562
626.0,0.05,-138.0,-84.12254342071643,180.49691772460938
627.0,0.05,-520.0,-87.40268616946254,140.9518585205078
628.0,0.05,-145.0,-88.99243684599001,140.2926483154297
629.0,0.05,-31.0,-87.24029093086618,175.3084716796875
630.0,0.05,-41.0,-85.36190523374628,197.31143188476562
631.0,0.05,-248.0,-85.91934309338473,222.77256774902344
632.0,0.05,-65.0,-83.74338758371871,207.09384155273438
633.0,0.05,-102.0,-81.43254393188522,144.94300842285156
634.0,0.05,-337.0,-82.53052033120854,164.79598999023438
635.0,0.05,225.0,-76.82412965194308,151.1603240966797
636.0,0.05,-378.0,-77.72695371171534,144.51499938964844
637.0,0.05,-387.0,-81.41470946886847,134.61611938476562
638.0,0.05,-181.0,-80.57518061777017,188.6328125
639.0,0.05,-57.0,-79.51176260159347,205.13119506835938
640.0,0.05,-45.0,-79.4598722493144,179.74571228027344
641.0,0.05,-163.0,-78.98666030150473,182.29736328125
642.0,0.05,-75.0,-79.46649778767912,217.23255920410156
643.0,0.05,-195.0,-80.83303751069018,146.71986389160156
644.0,0.05,-194.0,-82.12976293353896,211.57020568847656
645.0,0.05,-237.0,-83.17090927600292,159.9802703857422
646.0,0.05,-52.0,-82.69145748703593,195.56063842773438
647.0,0.05,159.0,-80.76055608635617,208.183837890625
648.0,0.05,-26.0,-80.52266900408087,190.06939697265625
649.0,0.05,-30.0,-78.20135118872123,155.41481018066406
650.0,0.05,-339.0,-78.90774260448926,200.5311279296875
651.0,0.05,57.0,-80.33146166769707,103.85054779052734
652.0,0.05,36.0,-73.309140471064,233.4419403076172
653.0,0.05,-214.0,-77.53906798965073,155.74771118164062
654.0,0.05,112.0,-73.41476631499398,186.1975860595703
655.0,0.05,145.0,-68.52614081517112,189.7488555908203
656.0,0.05,-24.0,-68.47683950356301,154.3109893798828
657.0,0.05,-457.0,-71.95715025775827,142.96360778808594
658.0,0.05,-54.0,-74.68156164245784,173.0142364501953
659.0,0.05,-159.0,-74.91761355930353,178.21160888671875
660.0,0.05,-296.0,-74.3603375499182,155.4071807861328
661.0,0.05,111.0,-74.32914301419423,102.15406799316406
662.0,0.05,-339.0,-76.89228118883409,238.3094024658203
663.0,0.05,-17.0,-78.9606842629193,127.94364929199219
664.0,0.05,5.0,-75.64467721071637,86.91931915283203
665.0,0.05,166.0,-71.38961709082272,127.96495819091797
666.0,0.05,214.0,-71.15322416632846,99.9486312866211
667.0,0.05,-131.0,-74.44597749453577,57.68577194213867
668.0,0.05,-65.0,-76.91104044570517,131.0182342529297
669.0,0.05,-155.0,-77.81479180915218,126.97003936767578
670.0,0.05,223.0,-76.75161070061918,92.10728454589844
671.0,0.05,-68.0,-78.53001564806404,100.01092529296875
672.0,0.05,-123.0,-78.66910172587397,107.50847625732422
673.0,0.05,230.0,-75.87998589730692,78.8469467163086
674.0,0.05,-108.0,-70.99785140859106,83.44808959960938
675.0,0.05,-256.0,-74.57177649035901,69.60533142089844
676.0,0.05,174.0,-68.91174534569454,81.8463134765625
677.0,0.05,-211.0,-71.23811685405717,100.61434936523438
678.0,0.05,254.0,-70.67174199051728,81.14376831054688
679.0,0.05,19.0,-69.74713115882534,134.61524963378906
680.0,0.05,223.0,-70.02574830103885,95.74385070800781
681.0,0.05,-204.0,-72.26984043298074,137.90716552734375
682.0,0.05,179.0,-73.33071410658782,113.81786346435547
683.0,0.05,-3.0,-75.19523978795071,132.2908477783203
684.0,0.05,-209.0,-74.6924833267135,99.66532897949219
685.0,0.05,236.0,-68.29401249533365,94.50260925292969
686.0,0.05,-346.0,-74.38135123851127,91.22769165039062
687.0,0.05,91.0,-76.12252574222468,88.44602966308594
688.0,0.05,267.0,-70.5124576767193,101.54324340820312
689.0,0.05,235.0,-69.25587912616186,99.64363098144531
690.0,0.05,-273.0,-72.22705843768406,94.72418975830078
691.0,0.05,-247.0,-71.53498434887125,102.23867797851562
692.0,0.05,259.0,-71.57669917020385,98.64464569091797
693.0,0.05,222.0,-66.40155320327337,86.66091918945312
694.0,0.05,-449.0,-72.7972589428752,190.72982788085938
695.0,0.05,-177.0,-72.11911885759088,163.4786834716797
696.0,0.05,-446.0,-71.2674956260611,85.77183532714844
697.0,0.05,-270.0,-74.04250488251783,73.3644790649414
698.0,0.05,-212.0,-78.43621170738932,118.12019348144531
699.0,0.05,-323.0,-83.19713467812127,128.7100830078125
700.0,0.05,-240.0,-87.02418507679023,104.37073516845703
701.0,0.05,206.0,-81.47425907020735,97.03350067138672
702.0,0.05,223.0,-76.22149597870367,81.30492401123047
703.0,0.05,-16.0,-73.13684545149638,117.7843246459961
704.0,0.05,267.0,-69.94796417090738,86.58684539794922
705.0,0.05,-160.0,-73.71324146617604,109.84558868408203
706.0,0.05,-250.0,-77.79655014186014,109.8933334350586
707.0,0.05,173.0,-77.70520624470063,89.37886810302734
708.0,0.05,173.0,-75.72583460987006,82.33548736572266
709.0,0.05,-102.0,-74.79061647102628,71.0611801147461
710.0,0.05,-31.0,-75.9367061584942,104.72615814208984
711.0,0.05,0.0,-76.10905851528615,113.24349212646484
712.0,0.05,186.0,-73.6872009671928,82.14411926269531
713.0,0.05,223.0,-69.62958470035974,88.61524963378906
714.0,0.05,265.0,-65.40821153225166,95.48224639892578
715.0,0.05,255.0,-62.68484821803461,107.86466217041016
716.0,0.05,201.0,-59.27058857470162,90.11457061767578
717.0,0.05,198.0,-55.414020325672716,76.68547821044922
718.0,0.05,268.0,-51.713343788221636,100.36358642578125
719.0,0.05,42.0,-50.04807795515623,101.44477081298828
720.0,0.05,-105.0,-49.19593750595262,130.65170288085938
721.0,0.05,-66.0,-48.54427600735889,107.2221450805664
722.0,0.05,-57.0,-46.5042267476395,103.88418579101562
723.0,0.05,257.0,-42.88482577514098,78.94403076171875
724.0,0.05,249.0,-39.158358461675974,91.80925750732422
725.0,0.05,269.0,-35.62779971245697,83.61537170410156
726.0,0.05,-389.0,-38.133162835571795,85.10624694824219
727.0,0.05,2.0,-32.903836501382656,113.75253295898438
728.0,0.05,276.0,-28.67929078662158,89.67229461669922
729.0,0.05,-136.0,-29.73688321245691,103.49275970458984
730.0,0.05,-279.0,-32.12531267362862,73.82755279541016
731.0,0.05,225.0,-27.38613546141483,89.31867218017578
732.0,0.05,230.0,-24.43351794753276,88.24403381347656
733.0,0.05,-142.0,-24.832101233682472,150.4831085205078
734.0,0.05,-237.0,-23.829988436308128,73.97010803222656
735.0,0.05,-44.0,-26.53526898291195,112.50898742675781
736.0,0.05,71.0,-22.031235186991506,123.04009246826172
737.0,0.05,7.0,-18.087048895971936,118.54440307617188
738.0,0.05,41.0,-15.852165499793534,122.66136169433594
739.0,0.05,10.0,-15.167696385497466,109.64202880859375
740.0,0.05,248.0,-12.232767265032878,89.88595581054688
741.0,0.05,247.0,-8.114764060654577,102.2107162475586
742.0,0.05,126.0,-6.1025791802694584,83.072021484375
743.0,0.05,253.0,-1.6131023098664454,97.55276489257812
744.0,0.05,-93.0,-0.6079012566343933,145.0961151123047
745.0,0.05,215.0,3.9264250894311643,98.36412048339844
746.0,0.05,231.0,6.774819499175658,100.1622543334961
747.0,0.05,-16.0,5.017884160032608,114.28604888916016
748.0,0.05,254.0,7.823962853515944,101.40074920654297
749.0,0.05,234.0,10.477445249826339,98.49978637695312
750.0,0.05,284.0,16.719313322738863,109.56787109375
751.0,0.05,225.0,18.398388909716545,88.44635772705078
752.0,0.05,264.0,20.676426321370748,100.31127166748047
753.0,0.05,-312.0,19.69595281781711,106.9896469116211
754.0,0.05,-303.0,15.540314765569056,119.85829162597656
755.0,0.05,236.0,16.447915691300203,108.43417358398438
756.0,0.05,-289.0,13.801739678438082,99.06547546386719
757.0,0.05,208.0,20.460114091809565,104.06067657470703
758.0,0.05,261.0,23.611669718829752,92.02464294433594
759.0,0.05,-284.0,22.36627963616708,79.32413482666016
760.0,0.05,158.0,26.91177423899914,89.61164093017578
761.0,0.05,245.0,28.258089657985007,98.08406829833984
762.0,0.05,-273.0,28.922731465804098,136.21945190429688
763.0,0.05,274.0,31.843279758274598,116.65723419189453
764.0,0.05,-160.0,30.180166810746712,-27.90068244934082
765.0,0.05,-40.0,28.11235637996501,84.30817413330078
766.0,0.05,257.0,28.548512198648318,101.9764633178711
767.0,0.05,-153.0,28.33023388918954,125.10723114013672
768.0,0.05,235.0,31.342417472195322,95.15094757080078
769.0,0.05,260.0,35.50775937573913,118.0833511352539
770.0,0.05,249.0,35.767382210728776,107.81864929199219
771.0,0.05,208.0,38.53209208358482,105.51493835449219
772.0,0.05,267.0,42.442495862698685,94.71109771728516
773.0,0.05,-382.0,36.31782317415164,184.48916625976562
774.0,0.05,55.0,37.953987767274185,130.17926025390625
775.0,0.05,251.0,43.033780932440706,81.05874633789062
776.0,0.05,274.0,44.028874432687374,108.08573150634766
777.0,0.05,-234.0,43.79755624716472,101.03130340576172
778.0,0.05,217.0,43.424920180035315,100.92528533935547
779.0,0.05,233.0,45.563852480778,100.30365753173828
780.0,0.05,268.0,46.01080821484013,77.52008819580078
781.0,0.05,-441.0,43.64897404598421,198.4884490966797
782.0,0.05,-342.0,38.43232979805445,129.10824584960938
783.0,0.05,-247.0,35.99372553232565,111.01199340820312
784.0,0.05,-314.0,34.942074634074764,175.7742462158203
785.0,0.05,-449.0,28.079674918599565,193.75843811035156
786.0,0.05,-308.0,28.458133997097228,160.74029541015625
787.0,0.05,-349.0,24.054013236802657,158.29400634765625
788.0,0.05,-392.0,17.45157438308956,155.72511291503906
789.0,0.05,-350.0,11.590394678855045,125.92105102539062
790.0,0.05,-391.0,10.412922147058964,83.81196594238281
791.0,0.05,-499.0,7.897413594697659,112.869384765625
792.0,0.05,-406.0,1.23127965123322,124.00537109375
793.0,0.05,-444.0,-5.439275570401221,106.23228454589844
794.0,0.05,-415.0,-5.102089531129647,190.73828125
795.0,0.05,-130.0,-4.633265350789638,168.917236328125
796.0,0.05,-437.0,-4.537476132790044,204.3394317626953
797.0,0.05,-481.0,-6.642972336339575,2.8795177936553955
798.0,0.05,-326.0,-7.777435719286761,174.4439239501953
799.0,0.05,-298.0,-7.529167016491958,238.4842071533203
800.0,0.05,-306.0,-8.193364343902603,184.97108459472656
801.0,0.05,-217.0,-12.43599848136693,83.48577880859375
802.0,0.05,-233.0,-17.00939515427986,137.19647216796875
803.0,0.05,-206.0,-18.914200282276905,275.9620056152344
804.0,0.05,-394.0,-25.5353274455126,166.98504638671875
805.0,0.05,-213.0,-26.06874351593423,331.9628601074219
806.0,0.05,-170.0,-25.268756231303968,225.76657104492188
807.0,0.05,-219.0,-29.194736240113382,305.1485290527344
808.0,0.05,-148.0,-32.41320081794389,123.11396026611328
809.0,0.05,-232.0,-33.710535764094914,251.46485900878906
810.0,0.05,-402.0,-37.41577473281916,89.40321350097656
811.0,0.05,-123.0,-38.65445790811852,319.6380310058594
812.0,0.05,-152.0,-42.04478894072107,54.31036376953125
813.0,0.05,-68.0,-44.96376720198879,123.36668395996094
814.0,0.05,-205.0,-49.68102811895296,112.60722351074219
815.0,0.05,-58.0,-52.814109120926716,204.30589294433594
816.0,0.05,206.0,-52.75680762958612,98.60336303710938
817.0,0.05,278.0,-51.95760372561901,146.95677185058594
818.0,0.05,212.0,-52.5120153532476,107.08645629882812
819.0,0.05,85.0,-52.079548421973385,80.52182006835938
820.0,0.05,-122.0,-52.24821106250734,85.93153381347656
821.0,0.05,216.0,-49.42443486269142,95.05955505371094
822.0,0.05,-251.0,-51.36732486533998,129.98533630371094
823.0,0.05,-340.0,-57.34358243355836,170.61856079101562
824.0,0.05,269.0,-57.135348652029215,131.16949462890625
825.0,0.05,206.0,-57.76373754824621,110.00355529785156
826.0,0.05,-151.0,-55.390510383318215,103.02108764648438
827.0,0.05,243.0,-52.98031201419782,101.69207000732422
828.0,0.05,-391.0,-59.6609606329459,98.70195007324219
829.0,0.05,256.0,-55.72917516438358,113.46795654296875
830.0,0.05,288.0,-50.04343889177327,118.60874938964844
831.0,0.05,118.0,-51.120363452849034,81.05257415771484
832.0,0.05,-110.0,-54.52428964773938,142.33351135253906
833.0,0.05,249.0,-50.60274656011016,102.86083221435547
834.0,0.05,206.0,-46.1686032999322,77.43190002441406
835.0,0.05,225.0,-43.464756178638,123.10562133789062
836.0,0.05,224.0,-41.93105656914817,127.7101821899414
837.0,0.05,-97.0,-42.97528975182516,103.9272689819336
838.0,0.05,-199.0,-45.38138159588231,125.50984191894531
839.0,0.05,-31.0,-45.798988267311145,155.44671630859375
840.0,0.05,104.0,-47.23809996575042,74.50653839111328
841.0,0.05,-286.0,-52.58354754483803,162.8040313720703
842.0,0.05,-622.0,-60.0728551312887,298.2153015136719
843.0,0.05,-653.0,-69.14325407156653,264.7873229980469
844.0,0.05,180.0,-66.40463437211497,90.73469543457031
845.0,0.05,-603.0,-74.59472952012858,186.54806518554688
846.0,0.05,-391.0,-80.82655868245232,181.92361450195312
847.0,0.05,-342.0,-84.08243028019263,177.93675231933594
848.0,0.05,216.0,-84.46277478344143,102.05763244628906
849.0,0.05,-497.0,-91.79066068763898,153.27503967285156
850.0,0.05,-387.0,-98.51394294210856,160.20578002929688
851.0,0.05,-78.0,-101.54974543869436,175.13577270507812
852.0,0.05,-125.0,-105.44945011468455,172.31808471679688
853.0,0.05,-187.0,-104.20474133659752,151.5967559814453
854.0,0.05,-219.0,-103.37163049890684,148.8615264892578
855.0,0.05,-234.0,-108.08254895893292,138.27528381347656
856.0,0.05,-70.0,-105.89126081304696,145.56886291503906
857.0,0.05,-363.0,-111.6079064167897,106.05570983886719
858.0,0.05,-203.0,-116.25376075687903,92.76847076416016
859.0,0.05,-127.0,-114.68607017545479,133.1125030517578
860.0,0.05,228.0,-113.9801997431595,148.63363647460938
861.0,0.05,-242.0,-118.86065821172996,99.04666900634766
862.0,0.05,-229.0,-118.42338382960995,97.8017578125
863.0,0.05,-40.0,-121.56806664561114,169.17166137695312
864.0,0.05,-73.0,-120.6995804317785,150.4645538330078
865.0,0.05,-108.0,-121.37948580261755,150.22865295410156
866.0,0.05,-20.0,-124.1588730802893,159.36126708984375
867.0,0.05,178.0,-120.84603103755167,127.4511489868164
868.0,0.05,-96.0,-124.16780287296613,162.4385986328125
869.0,0.05,7.0,-126.69979421380854,186.8265380859375
870.0,0.05,-240.0,-131.59707991405864,155.1157989501953
871.0,0.05,57.0,-133.10459940559664,134.02088928222656
872.0,0.05,-100.0,-136.778684052175,169.179443359375
873.0,0.05,-74.0,-133.70498650182375,137.34860229492188
874.0,0.05,-26.0,-134.52658531566732,151.984130859375
875.0,0.05,-10.0,-137.1397055420768,179.9581298828125
876.0,0.05,170.0,-138.17457034225794,138.20562744140625
877.0,0.05,-3.0,-135.8686902702575,172.82489013671875
878.0,0.05,-95.0,-138.99727687314007,151.79345703125
879.0,0.05,-129.0,-142.62623868598806,187.19766235351562
880.0,0.05,53.0,-144.77176255286483,102.13725280761719
881.0,0.05,-8.0,-140.44346842967713,132.04127502441406
882.0,0.05,15.0,-136.87108906036016,109.57921600341797
883.0,0.05,230.0,-132.09761001983088,141.80393981933594
884.0,0.05,-250.0,-131.45805584844635,134.5178680419922
885.0,0.05,-141.0,-128.37185541260286,174.39585876464844
886.0,0.05,-35.0,-125.63876052587322,166.15521240234375
887.0,0.05,-126.0,-123.41322410786027,144.40306091308594
888.0,0.05,258.0,-116.89849358947707,112.48828125
889.0,0.05,-143.0,-114.83537090060791,159.04360961914062
890.0,0.05,-21.0,-111.13288371045827,172.0351104736328
891.0,0.05,-60.0,-106.7457961716709,204.3636016845703
892.0,0.05,-249.0,-105.17266163298191,113.55713653564453
893.0,0.05,-20.0,-100.93349294766348,183.162109375
894.0,0.05,-68.0,-97.45907888991576,99.29461669921875
895.0,0.05,-17.0,-96.32652469046597,179.501708984375
896.0,0.05,-60.0,-92.55788136087777,166.2369842529297
897.0,0.05,-2.0,-87.76574209278147,150.40672302246094
898.0,0.05,-167.0,-86.18052272080189,107.210205078125
899.0,0.05,-120.0,-84.3999576869244,135.77976989746094
900.0,0.05,-82.0,-82.15519082621269,147.430908203125
901.0,0.05,-5.0,-80.03485052791724,152.27029418945312
902.0,0.05,-549.0,-83.19147834320353,198.45053100585938
903.0,0.05,-274.0,-83.86246883205816,95.18816375732422
904.0,0.05,-77.0,-80.69634169293491,126.1491928100586
905.0,0.05,-210.0,-80.67074904152045,199.81398010253906
906.0,0.05,-123.0,-80.20062007035207,74.81369018554688
907.0,0.05,-196.0,-79.97578917370731,143.6264190673828
908.0,0.05,-108.0,-79.58249576723578,165.6416778564453
909.0,0.05,1.0,-77.24532498779632,176.60369873046875
910.0,0.05,-628.0,-79.50448782135548,199.60540771484375
911.0,0.05,-53.0,-78.8080537827896,154.3856964111328
912.0,0.05,46.0,-76.81845374517943,136.7692108154297
913.0,0.05,230.0,-73.82484272235027,132.57247924804688
914.0,0.05,-84.0,-72.61706076555973,184.35806274414062
915.0,0.05,-114.0,-73.17575904021126,62.999908447265625
916.0,0.05,-214.0,-77.39285331944747,167.9794158935547
917.0,0.05,146.0,-78.71013297469993,115.47303009033203
918.0,0.05,-402.0,-84.86400657145667,131.59300231933594
919.0,0.05,-271.0,-88.43477866203462,63.06255340576172
920.0,0.05,-491.0,-92.12719192191929,160.36746215820312
921.0,0.05,-57.0,-94.86063100692317,146.34197998046875
922.0,0.05,-438.0,-96.7312018562971,173.2866973876953
923.0,0.05,-191.0,-95.24210491614225,164.43104553222656
924.0,0.05,-493.0,-102.8759470712734,153.62831115722656
925.0,0.05,-40.0,-105.3405785095496,106.80899047851562
926.0,0.05,-128.0,-105.11115086062428,127.30904388427734
927.0,0.05,-153.0,-109.08439823843348,156.8441619873047
928.0,0.05,-9.0,-105.26550385469658,124.39682006835938
929.0,0.05,-328.0,-111.11764574808419,143.60508728027344
930.0,0.05,-179.0,-115.79516562984055,92.8877944946289
931.0,0.05,-164.0,-118.62075081111543,157.9433135986328
932.0,0.05,-144.0,-118.96737224153752,118.83618927001953
933.0,0.05,204.0,-119.42052187241003,158.02076721191406
934.0,0.05,-169.0,-123.17448874778555,140.70521545410156
935.0,0.05,-130.0,-126.7370964602941,80.20440673828125
936.0,0.05,234.0,-126.63739059083507,114.93907928466797
937.0,0.05,-83.0,-126.50154876978607,133.38330078125
938.0,0.05,-58.0,-125.09539847269417,110.9004135131836
939.0,0.05,-156.0,-126.35097139542393,120.67153930664062
940.0,0.05,-252.0,-129.9188483309984,21.621816635131836
941.0,0.05,-346.0,-130.5200881029602,105.84784698486328
942.0,0.05,-177.0,-126.0624370892587,93.1343002319336
943.0,0.05,-116.0,-120.69204654975745,122.62496948242188
944.0,0.05,177.0,-120.71334896792172,144.3021697998047
945.0,0.05,115.0,-113.52661195661672,87.50018310546875
946.0,0.05,261.0,-106.99887032340055,89.56417083740234
947.0,0.05,169.0,-101.88572718262516,82.74407958984375
948.0,0.05,221.0,-101.82945673746812,119.0160140991211
949.0,0.05,139.0,-95.45618399839253,106.21460723876953
950.0,0.05,278.0,-88.79613651564406,119.93993377685547
951.0,0.05,-2.0,-88.0410490699151,107.7206802368164
952.0,0.05,258.0,-84.2011629065474,119.35144805908203
953.0,0.05,234.0,-79.97664290017323,106.83684539794922
954.0,0.05,229.0,-75.48727871729507,91.5345230102539
955.0,0.05,248.0,-70.65089095761618,96.93426513671875
956.0,0.05,269.0,-67.25415749067608,88.68507385253906
957.0,0.05,175.0,-61.86789896714518,92.1776351928711
958.0,0.05,261.0,-57.21719678228106,132.422607421875
959.0,0.05,255.0,-53.384307488036384,123.68402099609375
960.0,0.05,-76.0,-56.431132750650846,160.28688049316406
961.0,0.05,-17.0,-54.185017727327,134.4295654296875
962.0,0.05,212.0,-49.766137664327175,101.09546661376953
963.0,0.05,256.0,-46.79884332535563,115.10722351074219
964.0,0.05,269.0,-43.369827219708355,105.62079620361328
965.0,0.05,-44.0,-42.73142819356059,140.42886352539062
966.0,0.05,-150.0,-44.0401224511776,150.00579833984375
967.0,0.05,-410.0,-49.931580600532946,150.59506225585938
968.0,0.05,24.0,-48.72279505014547,137.2471466064453
969.0,0.05,14.0,-48.65137439723365,116.07978057861328
970.0,0.05,286.0,-43.37722704572649,104.74048614501953
971.0,0.05,-15.0,-44.10352280315161,135.8217315673828
972.0,0.05,244.0,-40.65345838108918,117.6034164428711
973.0,0.05,133.0,-38.569768550527954,96.49468231201172
974.0,0.05,-120.0,-39.51079469233541,128.063232421875
975.0,0.05,232.0,-37.08836657171676,90.46475219726562
976.0,0.05,-303.0,-41.82852572343369,187.4117431640625
977.0,0.05,232.0,-39.46867090812504,126.67584991455078
978.0,0.05,283.0,-35.682009229666356,106.52664947509766
979.0,0.05,-107.0,-35.464514898879166,136.65786743164062
980.0,0.05,-132.0,-37.32284333300231,177.45046997070312
981.0,0.05,-125.0,-38.49289127453917,186.2185821533203
982.0,0.05,-188.0,-40.52688227951724,191.04942321777344
983.0,0.05,-26.0,-43.0905463094484,149.0131072998047
984.0,0.05,-280.0,-43.384785830503,110.16864776611328
985.0,0.05,-132.0,-43.30206862972596,274.2288818359375
986.0,0.05,-180.0,-44.758797033586944,194.20068359375
987.0,0.05,-24.0,-43.73096050049073,156.18997192382812
988.0,0.05,-47.0,-46.79560979595656,220.40953063964844
989.0,0.05,-14.0,-45.50495154871258,161.31454467773438
990.0,0.05,-225.0,-47.54391491252524,219.13941955566406
991.0,0.05,-56.0,-47.50058950627291,146.8400115966797
992.0,0.05,-66.0,-45.672769058969756,109.93426513671875
993.0,0.05,-193.0,-47.40249938390888,155.15573120117188
994.0,0.05,-49.0,-47.211840733210245,146.74911499023438
995.0,0.05,-168.0,-48.720457449082154,159.18275451660156
996.0,0.05,-316.0,-51.28160952476347,154.6561737060547
997.0,0.05,-229.0,-53.55079261966418,116.45248413085938
998.0,0.05,-191.0,-53.78913562913692,221.17623901367188
999.0,0.05,-170.0,-54.287261021028655,193.81793212890625
